ID,Type,SKU,Name
10701,simple,HR-66B,Haier HR-66B 2.5 Cu Ft Black Single Door Non-Inverter Refrigerator
10708,simple,HRF-316-IAPA,Haier HRF-316 IAPA 11 Cu Ft Purple Digital Inverter Refrigerator
10715,simple,HRF-346-IAPA,Haier HRF-346 IAPA 12 Cu Ft Purple Digital Inverter Refrigerator
10721,simple,HRF-438-IAPA+,Haier HRF-438 IAPA+ 15 Cu Ft Purple Digital Inverter Refrigerator
10728,simple,HWM 85-1269X,HAIER 8.5KG HWM85-1269S6 AUTOMATIC TOP LOAD WASHING MACHINE
10732,simple,HWM100‑316S6,Haier Model HWM100-316S6 Fully Automatic Top Load Washing Machine
10737,simple,HWM 120-316S6,HAIER  Model HWM 120-316S6 12KG AUTOMATIC TOP LOAD WASHING MACHINE
10751,simple,HRF-186EBS,Haier HRF-186EBS 6 Cu Ft Silver E-Star Non-Inverter Refrigerator
10758,simple,HRF-216EBS,Haier HRF-216EBS 8 Cu Ft Silver E-Star Non-Inverter Refrigerator
10765,simple,HRF-246EBD,Haier HRF-246EBD 9 Cu Ft Dark Metallic E-Star Non-Inverter Refrigerator
10773,simple,HWS-60-50,Haier HWS 60-50 Spin Dryer – Electric Clothes Spinner Machine | Fast Drying Laundry Solution | Portable & Energy Efficient
10779,simple,HWM 80-1217,"Haier HWM 80-1217 Top Load Washing Machine – 8kg Semi Automatic Washer | Powerful Cleaning, Durable & Energy Saving Home Appliance"
10794,simple,HWM-75-AS,Haier 7.5 KG Twin Tub HWM-75-AS Washing Machine
10801,simple,HMW-20MXP3,HAIER 20 LITRE SOLO HMW-20MXP3 MICROWAVE OVEN
10807,simple,HMW-20MPB,"Haier HMW-20MPB 20L Microwave Oven – Solo & Grill Microwave | Defrost, Reheat, Quick Cooking, Compact Kitchen Oven"
10813,simple,HMW-20MBS,Haier HMW-20MBS Solo Microwave Oven | 20-litre capacity
10834,simple,HMW-20MWS,Haier Model HMW-20MWS Solo Series Microwave Oven 20Ltr
10847,simple,PWD-525,PEL PCWD 525 Curved Glass Door Water Dispenser
10874,simple,WF-6807,WestPoint WF-6807 Deluxe Ceramic Coating Plate Hair Straightener
10888,simple,WF-6810,WestPoint WF-6810 Professional Ceramic Coating Plate Hair Straightening Brush
10894,simple,WF-6613,WestPoint WF-6613 Professional Cordless Freedom Hair Clipper
10906,simple,WF-6813,WestPoint WF-6813 Professional LED Charge Indicator Hair Clipper
10909,simple,WF-6217,WestPoint WF-6217 Deluxe Overheat Protection Hair Dryer
10912,simple,WF-6362,WestPoint WF-6362 Deluxe IPX7 Water Resistant Epilator
10918,simple,wf-1156,WestPoint WF-1156 Deluxe Fast Heat Up Garment Steamer
10922,simple,WF-614,WestPoint WF-614 Deluxe Pure Warm Vapor Facial Steamer
10927,simple,WF-3166,WestPoint WF-3166 Deluxe 40cm Non-Stick Pizza Pan
10932,simple,WF-1253,WestPoint WF-1253 300ml Deluxe Handy Garment Steamer
10935,simple,WF-3870,WestPoint WF-3870 Deluxe Magic Herbal Spa Foot Massager
10938,simple,WF-1846,WestPoint WF-1846 Professional 4 in 1 1000W 1.5L Food Processor
10941,simple,WF-4257,WestPoint WF-4257 Deluxe 6.5L 1700W Rapid Air Fryer
10945,simple,WF-408,"WestPoint WF-408 Cordless Kettle – Fast Boiling, Modern Convenience"
10948,simple,WF-4360,WestPoint WF-4360 5 kg Kitchen Scale
10952,simple,WF-672,WestPoint WF-672 1000 Watts Dry Iron
10956,simple,WF-2020,WestPoint WF-2020 2200 Watts Steam Iron
10959,simple,WF-332,WestPoint WF-332 350 Watts Blender & Grinder
10962,simple,WF-2023,WestPoint WF-2023 1.8 Liters Coffee Maker
10965,simple,WF-9228,WestPoint WF-9228 500ml Deluxe Dry & Wet Grinder
10968,simple,WF-8818,WestPoint WF-8818 1000 Watts Robo Max Kitchen Chef 5 in 1 Food Processor
10972,simple,WF-4201,WestPoint WF-4201 Hand Blender 3-in-1
10978,simple,WF-2800RK,WestPoint WF-2800RK 1500 Watts Rotisserie Oven with Kebab Grill
10981,simple,WF-142,WestPoint WF-142 2000 Watts Ceramic Cooker
10984,simple,WF-251,WestPoint WF-251 188 mm Professional Hot Plate
10988,simple,WF-7108,WestPoint WF-7108 Insect Killer
10991,simple,WF-1097W,WestPoint WF-1097W Professional 2.0L Stainless Steel Bowl Chopper
10994,simple,WF-5350,WestPoint WF-5350 Professional 15-Cup 900W Rice Cooker
10999,simple,WF-3669,WestPoint WF-3669 Deluxe High Suction Vacuum Cleaner
11004,simple,WF-830DG,WestPoint WF-830DG Deluxe 1050W Microwave Oven With Grill
11007,simple,WF-5147,WestPoint WF-5147 Deluxe Electric Fan Heater
11010,simple,WF-2564,WestPoint WF-2564 Professional 4 Slice 1400W Pop Up Toaster
11013,simple,WF-04,WestPoint WF-04 Deluxe Manual Quick Chopper
11016,simple,WF-07,WestPoint WF-07 Deluxe Hand Press Kitchen Slicer
11023,simple,WP-6316,WestPoint WP-6316 Professional 16 Liter Commercial Electric Kettle
11026,simple,WF-6808,WestPoint WF-6808 Deluxe Ceramic Coating Plate Hair Straightener
11029,simple,WF-6713,WestPoint WF-6713 Professional Cordless Freedom Hair Clipper
11032,simple,WF-6203,WestPoint WF-6203 Deluxe Overheat Protection Hair Dryer
11035,simple,WF-1353,WestPoint WF-1353 Professional Handy Garment Steamer
11038,simple,WF-1833,WestPoint WF-1833 Deluxe 3 in 1 750W 1.0L Food Processor
11041,simple,WF-2405,WestPoint WF-2405 Deluxe 750W Stainless Steel Spinner Juicer
11044,simple,WF-4256,WestPoint WF-4256 Deluxe 8L 1500W Glass Window Air Fryer
11047,simple,WF-5259,WestPoint WF-5259 25L Deluxe Air Fryer With Rotisserie Oven
11050,simple,WF-409,"WestPoint Cordless Kettle WF-409 – Fast Boiling, Sleek Design"
11053,simple,WF-6174,WestPoint WF-6174 2 Liters Cordless Kettle
11063,simple,WF-772,WestPoint WF-772 1000 Watts Deluxe Dry Iron
11066,simple,WF-2063,WestPoint WF-2063 2200 Watts Steam Iron
11069,simple,WF-333,WestPoint WF-333 Blender & Grinder 3 in 1
11072,simple,WF-367,WestPoint WF-367 Blender & Grinder 3 in 1
11075,simple,WF-9225,WestPoint WF-9225 80 g Professional Dry/Wet Grinder
11079,simple,WF-2024,WestPoint WF-2024 1.5 Liters Coffee Maker
11082,simple,WF-2805,WestPoint WF-2805 1750ml Kitchen Chef
11085,simple,WF-9901,WestPoint WF-9901 400 Watts Deluxe Hand Mixer
11088,simple,WF-4626,WestPoint WF-4626 5 Liters Stand Mixer
11091,simple,WF-2310RK,WestPoint WF-2310RK 1500 Watts Rotisserie Oven with Kebab Grill
11095,simple,WF-252,WestPoint WF-252 188 mm Professional Dual Hot Plate
11099,simple,WF-6514T,WestPoint WF-6514T 12 inch Roti Maker
11103,simple,WF-6093,WestPoint WF-6093 Sandwich Toaster 3 in 1
11107,simple,WF-6193,WestPoint WF-6193 Sandwich Toaster 3 in 1
11110,simple,WF-7110,WestPoint WF-7110 Deluxe 2x10W UV Tube Insect Killer
11113,simple,WF-1099,WestPoint WF-1099 Professional 800W 5L Stainless Steel Bowl Chopper
11120,simple,WF-498,WestPoint WF-498 Professional 800W Kitchen Robot Food Processor
11543,simple,WF-6809,WestPoint WF-6809 Professional Floating Ceramic Coating Plate Hair Straightener
11546,simple,WF-6913,WestPoint WF-6913 Professional Low Noise Type-C Hair Clipper
11550,simple,WF-6270,WestPoint WF-6270 Deluxe Overheat Protection Hair Dryer
11554,simple,WF-1834,WestPoint WF-1834 Deluxe 4 in 1 750W 1.0L Food Processor
11559,simple,WF-4258,WestPoint WF-4258 Deluxe Dual Basket 9L 2200W Air Fryer
11563,simple,WF-5258,WestPoint WF-5258 22 Liters Professional Power Air Fryer Oven
11567,simple,WF-578,WestPoint Cordless Kettle WF-578
11571,simple,WF-2451,WestPoint WF-2451 1200 Watts Dry Iron
11574,simple,WF-342,WestPoint WF-342 1.5 Liters Deluxe Blender and Grinder
11578,simple,WF-2025,WestPoint WF-2025 1.2 Liters Professional Coffee Maker
11582,simple,WF-4800RKC,WestPoint WF-4800RKC 2200 Watts Convection Rotisserie Oven with Kebab Grill
11585,simple,WF-6293,WestPoint WF-6293 Sandwich Toaster 3 in 1
11592,simple,WF-960,WestPoint WF-960 Deluxe 25L Drum Steel Shell Vacuum Cleaner
11603,simple,WF-6280,WestPoint WF-6280 Professional 2200W Heavy Duty Hair Dryer
11608,simple,WF-1155,WestPoint WF-1155 Deluxe Adjustable Supporting Tubes Garment Steamer
11612,simple,WF-1154,WestPoint WF-1154 Deluxe Adjustable Supporting Tubes Garment Steamer
11616,simple,WF-5160,WestPoint WF-5160 Deluxe 500W Stainless Steel Filter Juicer
11620,simple,WF-1186,WestPoint WF-1186 Deluxe 750W Stainless Steel Spinner Juicer
11624,simple,WF-5254,WestPoint WF-5254 6 Liters Air Fryer
11629,simple,WF-6178C,WestPoint WF-6178C 4.2 Liters Deluxe Cordless Electric Kettle
11633,simple,WF-7005,WestPoint WF-7005 250 kg Bath Scale
11637,simple,WF-9914,WestPoint WF-9914 700ml Hand Blender
11640,simple,WF-2610RK,WestPoint WF-2610RK 1500 Watts Deluxe Convection Rotisserie Oven with Kebab Grill
11644,simple,WF-691,WestPoint WF-691 Sandwich Maker
11651,simple,WF-1098,WestPoint WF-1098 Professional 600W Food Processor Chopper
11656,simple,WF-3050,WestPoint WF-3050 Deluxe Meat Grinder With Vegetable Cutter
11660,simple,WF-442,WestPoint WF-442 Deluxe 4 in 1 Kitchen Chef Food Processor
11664,simple,WF-231,WestPoint WF-231 Deluxe Magic Broom Handheld Vacuum Cleaner
11678,simple,WF-841DG,WestPoint WF-841DG Deluxe Digital Microwave Oven With Grill
11681,simple,WF-5307,WestPoint WF-5307 Deluxe 1000W Electric Sun Heater
11693,simple,WF-2532,WestPoint WF-2532 Professional 2 Slice 860W Pop Up Toaster
11726,simple,WF-6259,WestPoint WF-6259 Deluxe Overheat Protection Hair Dryer
11736,simple,WF-343,WestPoint WF-343 1.5 Liters Deluxe Blender and Grinder
11740,simple,WF-8817,WestPoint WF-8817 3.5 Liters Food Processor RoboMax
11752,simple,WP-6320,WestPoint WP-6320 Professional 20 Liter Commercial Electric Kettle
11760,simple,WF-7115,WestPoint WF-7115 20 W Deluxe Insect Killer
11764,simple,WF-103,WestPoint WF-103 Deluxe 21L Drum Steel Shell Vacuum Cleaner
11768,simple,WF-6260,WestPoint WF-6260 Deluxe 1600W Foldable Hair Dryer
11890,simple,WF-7201GL,WestPoint WF-7201GL Deluxe 500W Glass Jar Juicer Blender
11893,simple,WF-5257,WestPoint WF-5257 Deluxe 6.5L 1700W LCD Display Air Fryer
11917,simple,WF-90B,WestPoint WF-90B 1000 Watts Dry Iron
12425,simple,dwt-255-c,Dawlance 8Kg Top Load DW-255 C Fully Automatic Washing Machine
12441,simple,dtm-7650,Dawlance DTM-7650 Inverter Refrigerator
12839,simple,Frost-X-20,Dawlance 1.25 TON Frost X 20 Cool only Inverter Air Conditioner
12846,simple,MD15,Dawlance MWO DW-MD 15 SOLO WHITE Heating Microwave Oven
12854,simple,Everest-12G,Orient 1 Ton Everest -12G Split Air Conditioner
12860,simple,Frost-30,Dawlance 1.5 Ton Frost 30 DC Inverter Cool Only Split Air Conditioner
12866,simple,HWM 120-35FF,Haier 12Kg HWM-120-35FF Single Tub Washing Machine
12874,simple,OWD-529,Orient Water Dispencer OWD-529 Icon
12877,simple,9101 SD,Dawlance 9101 SD Mini Refrigerator
12889,simple,REF-9140WB,Dawlance REF-9140WB 8 Cu Ft Grey Double Door Refrigerator
12896,simple,hwm-130-1217,"Haier HWM 130-1217 12kg Top Load Washing Machine – Manual Control Washer | Big Capacity, Strong Performance, Home Use"
12902,simple,wd531,Orient OWD-531 3 Taps Water Dispenser
12925,simple,GEH-720AI,Super Asia GEH-720AI Auto Ignition Gas Geyser – Heavy Gauge 20 Gallons | Super Asia Geyser | Gas Geyser | Geyser
12928,simple,GEH-725AI,Super Asia GEH-725AI Auto Ignition Gas Geyser – 25 Gallons Capacity | Super Asia Geyser | Gas Geyser | Geyser
12965,simple,GEH-730AI,Super Asia GEH-730AI Auto Ignition Gas Geyser – Heavy Gauge | 30 Gallons Capacity | Super Asia Geyser | Gas Geyser | Geyser
12968,simple,GEH-735AI,Super Asia GEH-735AI Auto Ignition Gas Geyser – Heavy Gauge | 35 Gallons Capacity | Super Asia Geyser | Gas Geyser | Geyser
12977,simple,GEH-755AI,Super Asia GEH-755AI Auto Ignition Gas Geyser – Heavy Gauge | 55 Gallons Capacity | Super Asia Geyser | Gas Geyser | Geyser
12980,simple,EH-630,Super Asia EH-630 Electric Water Heater – 37 Liters | 2000W Fast Heating & Rust-Proof Body | Energy Efficient Water Heater | Electric Geyser
12983,simple,EH-640,"Super Asia EH-640 Electric Geyser – 44 Liters | 2000W Fast Heating, Rust-Proof Tank & Energy Efficient Water Heater | Electric Geyser"
12986,simple,EH-650,"Super Asia EH-650 Electric Geyser – 52 Liters | 2000W Fast Heating, Rust-Proof Tank & Energy Efficient Water Heater | Electric Geyser"
12992,simple,EH-660,"Super Asia EH-660 Electric Geyser – 59 Liters | 2000W Fast Heating, Rust-Proof Tank & Energy Efficient Water Heater | Electric Geyser"
12995,simple,EH-670,"Super Asia EH-670 Electric Geyser – 65 Liters | 2000W Fast Heating, Rust-Proof Tank & Energy Efficient Water Heater | Electric Geyser"
12999,simple,SEH-11,"Super Asia SEH-11 Electric Water Heater – 11 Liters | Safe, Durable & Energy Efficient Electric Geyser | Electric Geyser"
13003,simple,SEH-16,"Super Asia SEH-16 Electric Water Heater – 16 Liters | Safe, Durable & Energy Efficient Electric Geyser | Electric Geyser"
13011,simple,NEG-30,Nasgas Electric Geyser NEG-30 – Best 30 Liter Energy Efficient Electric Water Heater for Home Use
13015,simple,NEG-40,Nasgas Electric Geyser NEG-40 – High Capacity 40 Liter Energy Efficient Electric Water Heater for Home Use
13018,simple,NEG-50,Nasgas Electric Geyser NEG-50 – Premium 50 Liter Energy Efficient Electric Water Heater for Home and Bathroom
13023,simple,NEG-60,Nasgas Electric Geyser NEG-60 – High Capacity 60 Liter Energy Efficient Electric Water Heater for Home and Bathroom
13026,simple,SEM-100,Nasgas Semi Instant Electric Geyser SEM-100 – 100 Liter High Capacity Fast Heating Energy Efficient Water Heater for Home and Bathroom
13031,simple,SEM-250,NasGas 25 Liter Semi Instant Electric Geyser SEM-250 – Fast Heating Energy Efficient Water Heater for Home Use
13034,simple,DG-55,Nasgas Gas Geyser DG-55 Super Dlx Auto – High Efficiency Automatic Gas Water Heater for Home and Bathroom
13037,simple,DG-09,Nasgas Instant Gas Geyser DG-09 Dlx (Executive) – Fast Heating High Efficiency Gas Water Heater for Home and Bathroom
13040,simple,DG-07,Nasgas Instant Gas Geyser DG-07 Dlx (Executive) – Fast Heating High Efficiency Gas Water Heater for Home and Bathroom
13043,simple,SEM-200,NasGas 20 Liter Semi-Instant Electric Geyser SEM-200 – Fast Heating Energy Efficient Water Heater for Home and Bathroom
13057,simple,NEG-80,"Nasgas Electric Geyser NEG-80 – Instant Heating, Energy Efficient Electric Water Heater"""
13080,simple,DEG-15,Nasgas E+G Geyser 15 Gallon (DEG-15) Super Deluxe – Electric + Gas Hybrid Water Heater
13091,simple,SEM-150,"Nasgas Semi Instant Electric Geyser SEM-150 – Fast Heating, Energy Efficient Water Heater"
13160,simple,DEG-35,"Nasgas Electric & Gas Geyser 35 Gallon (DEG-35) – Hybrid Water Heater, Energy Efficient & Fast Heating"
13167,simple,SEM-101,"NasGas 10 Liter Semi Instant Electric Geyser SEM-101 – Fast Heating, Compact & Energy Efficient Water Heater"
13174,simple,50 Gallon (10x10),Hotline 50 Gallon Water Heater Geyser (10x10) – Dual Electric + Gas High-Capacity Geyser | Hotline Geyser | Gas + Electric Geyser | Geyser
13178,simple,30 Gallon-(14x14),Hotline 30 Gallon Water Heater Geyser (14x14) – Dual Electric + Gas High-Efficiency Geyser | Hotline Geyser | Gas + Electric Geyser | Geyser
13182,simple,30 Gallon-(10x14),Hotline 30 Gallon Water Heater Geyser (10x14) – High-Capacity Electric + Gas Geyser | Hotline Geyser | Gas + Electric Geyser | Geyser
13190,simple,20 Gallon-(14x16),Hotline 20 Gallon Water Heater Geyser (14x16) – Electric + Gas High-Efficiency Geyser | Hotline Geyser | Gas + Electric Geyser | Geyser
13194,simple,30 Gallon-(10x10),Hotline 30 Gallon Water Heater Geyser (10x10) – Dual Electric + Gas High-Capacity Geyser | Hotline Geyser | Gas + Electric Geyser | Geyser
13198,simple,15 Gallon-(14x16),Hotline 15 Gallon Water Heater Geyser (14x16) – Electric + Gas Compact Home Geyser | Hotline Geyser | Gas + Electric Geyser | Geyser
13202,simple,30 Gallon-(14x16),Hotline 30 Gallon Water Heater Geyser (14x16) – Dual Electric + Gas High-Capacity Geyser | Hotline Geyser | Gas + Electric Geyser | Geyser
13206,simple,20 Gallon-(10x10),Hotline 20 Gallon Water Heater Geyser (10x10) – Electric + Gas Compact Geyser | Hotline Geyser | Gas + Electric Geyser | Geyser
13210,simple,20 Gallon-(14x14),Hotline 20 Gallon Water Heater Geyser (14x14) – Electric + Gas Efficient Home Geyser | Hotline Geyser | Gas + Electric Geyser | Geyser
13214,simple,15 Gallon-(14x14),Hotline 15 Gallon Water Heater Geyser (14x14) – Electric + Gas Compact Home Geyser | Hotline Geyser | Gas + Electric Geyser | Geyser
13220,simple,20 Gallon-(10x14),Hotline 20 Gallon Water Heater Geyser (10x14) – Electric + Gas Efficient Home Geyser | Hotline Geyser | Gas + Electric Geyser | Geyser
13227,simple,15 Gallon-(10x10),Hotline 15 Gallon Water Heater Geyser (10x10) – Electric + Gas Compact Home Geyser | Hotline Geyser | Gas + Electric Geyser | Geyser
13231,simple,D100-20FN,Midea 100 Liters Fast Electric Storage Geyser D100-20FN – High-Capacity Water Heater | Energy Efficient Electric Geyser | Electric Geyser
13237,simple,D50-20FN,Midea 50 Liters Fast Electric Storage Geyser D50-20FN – Compact High-Efficiency Water Heater | Electric Geyser
13243,simple,D30-20FN,Midea 30 Liters Fast Electric Storage Geyser D30-20FN – Compact High-Efficiency Water Heater | Electric Geyser
13254,simple,K.E-SIE-15CL,Boss K.E SIE 15CL Supreme Electric Water Heater – Compact High-Performance Geyser | Energy Efficient Electric Geyser | Electric Geyser
13256,simple,K.E-SIE-25CL,Boss K.E SIE 25CL Supreme Steel Electric Geyser – 25L High-Performance Water Heater | Energy Efficient Electric Geyser | Electric Geyser
13263,simple,K.E-SIE-30CL,Boss K.E SIE 30CL SS Elite ELCB Electric Geyser – 30L High-Capacity Stainless Steel Water Heater | Energy Efficient Electric Geyser | Electric Geyser
13270,simple,20-GL,Hanco 20-GL 20 Gallon Hybrid Electric + Gas Storage Geyser (14x16)
13277,simple,EWT-50,Canon Electric Geyser | EWT-50 Water Heater | 50L Electric Geyser | Fast Heating Geyser | Rust-Proof Water Heater | Energy Efficient Electric Geyser | Canon Water Heater
13283,simple,710,Hanco 710 7 Litre Instant Water Heater – Dual Ignition Gas Geyser
13294,simple,FFE-15,Beetro Electric Geyser | FFE-15 Water Heater | 15L Electric Geyser | Fast Heating Geyser | Energy Efficient Water Heater | Quick Heating Electric Geyser | Beetro Water Heater Pakistan
13298,simple,30-GL,Hanco 30-GL 30 Gallon Hybrid Electric + Gas Storage Geyser (14×16)
13304,simple,WF-271,WestPoint WF-271 188 mm Electric Hot Plate
13354,simple,7G2,Hanco 7G2 – 7 Liters Instant Gas Water Heater | Dual Ignition | Imported | LPG / NG
13355,simple,WF-292,WestPoint WF-292 2000 Watts Professional Electric Hot Plate
13388,simple,30-GL 10×10,Hanco 30-GL – 30 Gallon Hybrid Electric + Gas Storage Geyser | 10×10 Heavy Duty Tank
13392,simple,WF-291,WestPoint WF-291 2000 Watts Electric Hot Plate
13395,simple,20-GL 10×10,Hanco 20-GL – 20 Gallon Hybrid Electric + Gas Storage Geyser | 10×10 Heavy Duty Tank
13404,simple,1010-B–10 Ltr,Hanco 1010-B – 10 Liters Instant Gas Water Heater | Dual Ignition | Imported | LPG / NG
13405,simple,WF-262,WestPoint WF-262 2500 Watts Double Electric Hot Plate
13411,simple,7G3 -7-ltr,Hanco 7G3 – 7 Liters Instant Gas Water Heater | Dual Ignition | Imported | LPG / NG
13423,simple,80L-Smart-Electric-Geyser,Hanco – Semi Instant Electric Water Heater | 80 Litres Smart Electric Geyser
13433,simple,KE-SIE-10-CL,Boss KE-SIE-10 CL Supreme Steel Electric Water Heater – 10 Liter | Energy Efficient Electric Geyser | Electric Geyser
13436,simple,Smart-Electric-Geyser-50L,Hanco – Semi Instant Electric Water Heater | 50 Litres Smart Electric Geyser
13440,simple,40L semi instant,Hanco – Semi Instant Electric Water Heater Solar Compatible | 40 Litres Smart Electric Geyser
13445,simple,60L Electric Water Heater,Hanco – Semi Instant Electric Water Heater | 60 Litres Smart Electric Geyser
13450,simple,DWHP-3021-B,Dawlance DWHP-3021 B Electric Hot Plate – Energy Efficient Hot Plate | Double Burner Cooking Plate
13454,simple,DWHP-3021-W,Dawlance DWHP-3021 W Electric Hot Plate – Energy Efficient Hot Plate | Double Burner Cooking Plate
13462,simple,WF-281,WestPoint WF-281 188 mm Electric Hot Plate
13465,simple,IFC-01.000BK,Kenwood IFC-01.000BK Ceramic Hot Plate – Energy Efficient Hot Plate | Infrared Cooking Plate
13471,simple,AG-2062,Anex AG-2062 Single Burner Electric Hot Plate
13475,simple,AG-2061,Anex AG-2061 Single Burner Electric Hot Plate
13479,simple,WF-143,WestPoint WF-143 3.5 cm Induction Cooker
13797,simple,40L Electric Water Heater,Hanco 40L Semi Instant Electric Water Heater – Smart Geyser with Energy Saving & Temperature Control
13903,simple,NWD-190,Nasgas Water Dispenser NWD-190 Hot & Cold with Refrigerator Cabinet – Energy Efficient
13908,simple,WD-1051,"Dawlance Water Dispenser WD-1051 Cloud White – Hot, Cold & Normal with Refrigerator"
13915,simple,60-L Solar Compatible,Hanco 60 Liters Semi Instant Electric Water Heater – Solar Compatible
13920,simple,50-L Solar Compatible,Hanco 50L Semi Instant Electric Water Heater – Solar Compatible Smart Geyser
13928,simple,10-L Fast Electric Heater,Hanco Fast Electric Water Heater 10 Liter – Instant Hot Water Geyser
13936,simple,710G-7L,Hanco 710G 7 Litre Instant Gas Water Heater – Dual Ignition
13941,simple,15L-Fast Electric Heater,Hanco Fast Electric Water Heater 15 Liter – Semi Instant Electric Geyser
13947,simple,WD-1051S,Dawlance Water Dispenser WD-1051 Silver – Hot & Cold with Glass Door and Refrigerator
13963,simple,SGEG-14G,SG Electric Water Geyser – SGEG-14G (50 Liters) | Energy Efficient Electric Water Heater
13974,simple,WD-300,EcoStar Water Dispenser WD-300 – Hot & Cold Water Dispenser with 16 Liters Refrigerator Cabinet
13981,simple,SGEG-12G 40L,SG Electric Water Geyser — SGEG-12G (40 Liters)
13987,simple,SGEG-16G 60L,SG Electric Water Geyser – SGEG-16G (60 Liters)
13991,simple,14X16 30G,"SG 14×16 30G Hybrid Electric + Gas Storage Geyser , Energy Efficient"
13994,simple,SG 10X10 30G,SG 10X10 30G Electric + Gas Hybrid Storage Geyser – Energy Efficient Plus
13999,simple,SG 10L,"SG 10L Instant Electric Geyser — Hybrid Technology, Energy Efficient Plus"
14005,simple,10X10 30G Steel,SG 10X10 30G Steel Electric + Gas Hybrid Storage Geyser – Energy Efficient
14014,simple,12X16 30G,SG 12X16 30G Electric + Gas Hybrid Storage Geyser – Energy Efficient
14052,simple,ETO 12L,ELite ETO-12L Oven Toaster — 12 Liter Compact Electric Toaster Oven (800W)
14058,simple,ETO 221R,"ELite ETO-221R Oven Toaster – 22 Liters, 1500W (Black)"
14065,simple,ETO-32R,"ELite ETO-32R Oven Toaster – Compact, Powerful and Versatile"
14069,simple,ECJB-200,ELite Commercial Blender Pro Mix ECJB-200 – 1400W Powerful Professional Blender (3.0L Capacity)
14074,simple,EAF-008,ELite EAF-008 Ultra Air Fryer – 4.5L Digital Touch Panel with Rapid Air Circulation
14077,simple,ELAF-05,ELite EAF-05 Air Fryer – 4.5L Low-Fat Digital Air Fryer with High-Speed Air Circulation
14082,simple,EAF-001,ELite EAF-001 Air Fryer – 7L Touch Screen Digital Air Fryer with Air Crisp Technology
14096,simple,SS29,ELite SS-29 Garment Steamer – 2200W Electric Steamer with 3L Water Tank
14104,simple,SS39,ELite SS-39 Steam Iron – 2200W High-Power Iron with 3L Water Tank and Adjustable Rod
14109,simple,EGS-500,ELite EGS-500 Vertical Garment Steamer – 1.5L Large Tank with 1800W Power
14117,simple,EWK-16B,ELite EWK-16B Electric Kettle – Fast Boiling 16L Kettle with Cool Touch Handle
14139,simple,EWK-20B,ELite EWK-20B Electric Tea Kettle – 20L Commercial Stainless Steel Kettle with Rapid Boil & Keep-Warm Function
14144,simple,EWK-30D,ELite EWK-30D Electric Tea Kettle – 30L Commercial Stainless Steel Kettle with Keep-Warm & Overheat Protection
14156,simple,ETF-30M,ELite Metal Table Fan Copper ETF-30M
14169,simple,EVF-08,ELite Velocity Fan EVF-08 — Turbo Force Air Circulator
14172,simple,EVF-20,ELite Velocity Fan – EVF-20
14175,simple,EBF-42,ELite EBF-42 Bladeless Fan — 42” Remote Control Cooling Fan
14178,simple,ETF-001,"Elite Tower Fan ETF-001 — Powerful, Slim & Energy Efficient"
14181,simple,ETF-002,ELite ETF-002 Tower Fan 38″ Black — Remote Control
14189,simple,ETF-003,ELite ETF-003 Evaporative Cooler Tower Fan 42” – 60W
14193,simple,EWD-10,ELite EWD-10 Water Dispenser with Refrigerator – Hot & Cold Water Dispenser 520W
14197,simple,EWD - 178T,ELite EWD-178T Tabletop Water Dispenser – 4.1L Silver Hot & Cold Water Dispenser
14200,simple,EIK-16L,ELite EIK-16L Jasmine Insect Killer – 8 LED UV-A Flying Insect Trap 6W
14204,simple,EIK-16,ELite EIK-16 Insect Killer – 16W UV-A  Flying Insect Trap 3000V
14207,simple,EIK-30,ELite EIK-30 Insect Killer – 30W UV-A Flying Insect Trap 1600–1800V
14210,simple,EQH-80Y4,ELite EQH-80Y4 Quartz Heater – 800W with Temperature Control
14213,simple,EFH-804,ELite EFH-804 Fan Heater – 2000W Adjustable Thermostat Compact
14216,simple,EFH- 901,ELite EFH-901 Fan Heater – White Portable 2000W
14219,simple,EVC-220,ELite EVC-220 Vacuum Cleaner – High-Efficiency Low-Noise Electric Cleaner
14223,simple,CM-800,ELite Anti-Allergy UVC Mite Vacuum Cleaner
14228,simple,NU-06,ELite Deerma Mini Juice Blender – 400mL Portable Wireless Personal Blender
14232,simple,ZQ-600,Elite Deerma DEM-ZQ600 Multi-Function Steam Cleaner
14237,simple,JS-100,ELite Deerma JS-100 Wireless Portable Food Processor Mini Blender
14240,simple,F-325,ELite Deerma DEM-F325 Ultrasonic Air Humidifier – 5L Water Tank
14245,simple,F-500,ELite Deerma F500 Ultrasonic Humidifier & Manual Air Purifier – 5L Tank
14248,simple,ETO 354R,"ELite ETO-354R Toaster Oven – 38 Liter, 1500W, Adjustable Thermostat & Timer"
14253,simple,ETO 453R,"ELite ETO-453R Oven Toaster - 45 Liter, 1800W, Timer & Adjustable Thermostat"
14256,simple,ETO-653R,"ELite ETO-653R Oven Toaster – 65L, 2200W, Thermostat Control, 120-Min Timer"
14259,simple,SS19,"ELite Garment Steamer SS19 — 1750W, 3L Tank, Adjustable Rod, Powerful Wrinkle Removal"
14264,simple,EGS-400,ELite EGS-400 Garment Steamer — Powerful Wrinkle Remover
14267,simple,EGS-300,ELITE Handheld Garment Steamer – EGS-300
14271,simple,EEM-010,ELite EEM-010 Espresso Coffee Machine – 850W | 15-Bar Pump
14344,simple,EEM-020,"ELite EEM-020 Fully Automatic Espresso Machine — Cappuccino, Latte Maker"
14347,simple,EPF-16-A,ELite Pedestal Fan EPF-16A – 16-Inch Powerful Cooling Fan with Remote & Timer
14354,simple,EPF-18,"ELite EPF-18 Pedestal Fan — 18-Inch, 5 Blades, Remote Control, Powerful Home & Office Cooling"
14358,simple,EAC-70,Elite EAC-70 – Evaporative Air Cooler – 70L Tank – Remote & Touch Control
14364,simple,EAC-30,"ELite Evaporative Air Cooler EAC-30 — 28L Tank, Remote Control"
14367,simple,EAC-50,"ELite EAC-50 Evaporative Air Cooler — 12L Tank, Honeycomb Cooling, Remote Control"
14371,simple,EAC 99A,"ELite EAC-99A – Evaporative Air Cooler | Powerful Cooling, Large Tank, Low Power Consumption"
14378,simple,EIK-35S,ELite EIK-35S Insect Killer | Indoor UV-A Mosquito & Flying Insect Trap
14385,simple,EIK-40,ELite EIK-40 Insect Killer 41W | Indoor UV-A Mosquito & Flying Insect Trap
14391,simple,EHH-12,ELite Halogen Heater EHH-12 | Energy Efficient Portable Heater for Home & Office
14394,simple,TB-500,"ELite Deerma Spray Mop TB-500 – 350L Water Tank, 360° Rotating Floor Cleaning Mop"
14408,simple,DEM-CS50M,ELite Deerma DEM-CS50M Mini Portable Dehumidifier — Home Air Dryer & Humidity Absorber
14418,simple,DX-700,ELite Deerma DX-700 Vacuum Cleaner — Powerful Lightweight 2-in-1 Handheld & Stick Vacuum
14426,simple,DX-700S,ELite Deerma DX700S 2-in-1 Vertical Handheld Vacuum Cleaner – Powerful Lightweight Corded Vacuum
14434,simple,DEMSH30W,"ELite Deerma Electric Kettle DEM-SH30W – 1.7L, 2200W, Glass Body, Auto Safety Protection"
14438,simple,DEM-HS007,ELite Deerma DEM-HS007 Foldable Garment Steamer — Portable Travel Wrinkle Remover
14444,simple,F-600,"ELite Deerma Ultrasonic Humidifier F-600 – 5L Cool Mist, 360° Rotatable Nozzle"
14452,simple,ESH- L13,"ELite Sun Heater ESH-L13 – Portable 2-Heat Setting, 1000W Energy-Saving"
14459,simple,ESH-L08,ELite Sun Heater ESH-L08 – 1000W Halogen Heater with Oscillation & Safety Features
14465,simple,EAP-911,"ELite Digital 3-in-1 Air Purifier EAP-911 – HEPA, Charcoal & UV-C Filter, 22 Inch Tower, Black"
14473,simple,EAP-922,"ELite Digital Smart 3-in-1 Air Purifier EAP-922 – White, HEPA, Pet Dander & Dust Mite Filter"
14478,simple,EAP-606,"ELite Aroma Air Purifier EAP-606 – Botanical Extracts, Bacteria & Virus Removal, 80m² Coverage"
14548,simple,DW-6580,Dawlance DW-6580 WFL Twin Tub Washing Machine-8KG | Energy Efficient | Deep Waterfall Wash
14552,simple,DW 6100-C,Dawlance DW 6100-C Single Washing Machine-8KG | Durable Plastic Drum | Energy Efficient
14560,simple,DWF 8200-X-NV,Dawlance DWF 8200 X INV Front Load Washing Machine-8KG | Steam Care | A+++ Energy Rating
14567,simple,DWT-9560,Dawlance DWT-9560 Top Load Washing Machine-8.5 KG | EZ Wash | Air Dry | Hygienic Cleaning
14576,simple,DWT-9540,Dawlance DWT-9540 Top Load Washing Machine-8.5 KG | Eco Wash | Triple Waterfall
14585,simple,DWT-9060-EZ,Dawlance DWT-9060 EZ-Fully Automatic Washing Machine | 9 KG | Triple Waterfall | Diamond Drum
14600,simple,DWT-14470-ES,Dawlance DWT-14470 ES—12KG Top Load Automatic Washing Machine | Triple Waterfall | Energy Saving
14611,simple,DWT-14711-FLT,Dawlance DWT-14711 FLT—12KG Top Load Automatic Washing Machine | Touch Panel | EZ Wash
14621,simple,DWT-1471-FLP,Dawlance DWT-1471 FLP—12KG Top Load Automatic Washing Machine | Powerful | Durable | Energy Efficient
14632,simple,DWT-1470-PL,Dawlance 14KG Top Load DW-1470PL Fully Automatic Washing Machine
14647,simple,DWT-1166-X-ADS+,Dawlance DWT-1166 X ADS+—9KG Top Load Automatic Washing Machine | Auto Dose Series | Energy Saving
14661,simple,1775-PL,Dawlance 1775 PL—17KG Fully Automatic Top Load Washing Machine | E-Care Series | Energy Saving
14671,simple,DWT-11671-FLT,Dawlance DWT-11671 FLT—11KG Top Load Automatic Washing Machine | Hand Care Technology | EZ Wash
14762,simple,DWT-11467-ES,Dawlance DWT-11467 ES—10KG Top Load Fully Automatic Washing Machine | Triple Waterfall | EZ Wash
14775,simple,DWT-1167-FLP,Dawlance DWT-1167 FLP—10KG Top Load Automatic Washing Machine | EZ Wash | Energy Saving
14786,simple,DWT-1165-PL,Dawlance 11Kg Top Load DW-1165PL Fully Automatic Washing Machine
14795,simple,DS-6010,Dawlance DS-6010—6KG Spinner Dryer | Blue Transparent Lid | Efficient & Quick Drying
14807,simple,DW-9200-WFL,Dawlance DW-9200 WFL—Extra Large Single Tub Washer | Powerful Washing | Built-in Buzzer
14817,simple,DW-9200-CFL,Dawlance DW-9200 CFL—Extra Large Single Tub Washer | 40–50 Clothes Capacity | Powerful & Reliable
14827,simple,DW-8550-CB-FL,Dawlance DW-8550 CB FL—7.5KG Twin Tub Washing Machine
14836,simple,DW-10600,Dawlance DW-10600—10KG Twin Tub Washing Machine | Deep Waterfall Wash | Powerful & Durable
14841,simple,DW-6100-W,Dawlance DW-6100 W - 6KG Single Tub Washing Machine | Deep Waterfall Wash | Energy Efficient
14849,simple,DWT-270-C-LVS+,Dawlance 12KG Top Load DWT-270 C LVS+ Automatic Washing Machine
14876,simple,DWT-260-C-LVS+,Dawlance DWT-260 C LVS+—9KG Top Load Automatic Washing Machine | Low Voltage Series | Triple Waterfall
14881,simple,DW-6550-G,Dawlance 8KG Twin Tub DW-6550-G Glass Lid Washing Machine
14892,simple,DW-6550-C,Dawlance DW-6550 C—8KG Twin Tub Washing Machine | Glass Lid | Deep Waterfall Wash
14898,simple,DS-9000,Dawlance DS-9000—12KG Single Tub Spinner Dryer | Stainless Steel Drum | Fast & Efficient Drying
14905,simple,DW-10500,Dawlance DW-10500—10–12KG Twin Tub Washing Machine | Deep Waterfall Wash | Wash & Spin
14908,simple,DW-7500,Dawlance DW-7500 TWIN TUB GLASS LID BLACK/GREY Washing Machine
14914,simple,DS-6000,Dawlance DS-6000—5KG Single Tub Spin Dryer | Quick & Efficient Drying
14920,simple,DW-9100-G,Dawlance 12KG DW-9100-G Single Tub Glass Door Washing Machine
14926,simple,HS150-B1978S9,Haier HS150-B1978S9—15KG Automatic Top Load Washing Machine | Touch Display | Quick Wash & Child Lock
14936,simple,HW-90-BP14959S8,Haier HW-90-BP14959S8 Automatic Washing Machine—9KG | BLDC Motor | Steam & Hygiene Care
15343,simple,EW-F9502-DC,EcoStar 9.5KG Fully Automatic Washing Machine EW-F9502 DC | Soft Press Technology | LED Display | 12 Programs | Energy Efficient Washer
15461,simple,HTW-100-196E,Haier 10kg Twin Tub HTW100-196E Semi Automatic Washing Machine
15464,simple,HWM-100-1217,Haier 10kg Twin Tub HWM 100-1217 Semi Automatic Washing Machine
15468,simple,HWM-120AS,Haier 12kg Twin Tub HWM 120AS Semi Automatic Washing Machine
15474,simple,HTW-80-186,Haier 8kg Twin Tub HTW 80-186 Semi Automatic Washing Machine
15484,simple,HTW-110-186,Haier 10kg Twin Tub HTW 110-186 Semi Automatic Washing Machine
15492,simple,HTW-100-1169,Haier HTW 100-1169 10kg Twin Tub Semi Automatic Washing Machine
15506,simple,HSU-12-CF,Haier 1 Ton HSU-12CF Non-Inverter Cool Only Split Air Conditioner
15513,simple,HSU-18-CFT,Haier 1.5 ton HSU-18-CFT Non-Inverter Cool Only Split Air Conditioner
15515,simple,HSU-24-CF,Haier 2 Ton HSU-24-CF Non-Inverter Air Conditioner
15518,simple,HSU-13-LF,Haier 1 Ton HSU-13-LF Flexis Inverter Air Conditioner
15527,simple,HSU-19-LF,Haier 1.5 Ton HSU-19-LF Flexis Inverter Air Conditioner
15529,simple,19-RFP,Haier 1.5 ton 19-RFP Wifi Split Inverter Heat & Cool  Air Conditioner
15532,simple,HSU-13-HFCS,Haier 1 Ton HSU-13HFCS Triple Inverter Heat & Cool Split Air Conditioner
15545,simple,HSU-13HFAB/W/G-T3,Haier 1 Ton HSU-13HFAB/W/G-T3 PRO DC Inverter Heat & Cool Air Conditioner
15598,simple,HSU-14HFTEX-OW,HAIER 1.25 TON HSU-14HFTEX-OW T3 PLUS INVERTER AIR CONDITIONER
15606,simple,HSU-18-HFT(W),Haier 1.5 Ton HSU-18-HFT(W) T3 Inverter Air Conditioner
15609,simple,HSU-20-HFTEX(W),Haier 1.5 Ton HSU-20-HFTEX(W) T3 Inverter Air Conditioner
15611,simple,HSU-13HFP/G/S,HAIER 1 TON HSU-13HFP/G/S PEARL PRO INVERTER AIR CONDITIONER
15614,simple,HSU-18-HFP,Haier 1.5 Ton HSU-18-HFP Pearl Inverter Air Conditioner
15617,simple,HSU-24HFCD,Haier 2 Ton HSU-24HFCD Split Inverter Air Conditioner
15628,simple,DW-MD10,Dawlance 20 Litre DW-MD10 Fast Heating Microwave Oven
15643,simple,32S51K,"TCL 32S51K 32"" QLED Smart TV (2026) – Full HD Android LED TV with Netflix & YouTube"
15649,simple,40S51K,"TCL 40S51K 40"" QLED Smart TV (2026) – Full HD Android LED TV with Netflix & YouTube"
15652,simple,43S51K,"TCL 43S51K 43"" QLED Smart TV (2026) – Full HD Android LED TV with Netflix & YouTube"
15655,simple,91998-Signature-Inverter,Dawlance 385Ltr 91998 Signature Inverter Glass Door Champagne Twin Door Deep Freezer
15659,simple,91997-Signature,Dawlance 91997 Signature Inverter Twin Door Deep Freezer– White
15662,simple,CF-91997-Signature-LVS,Dawlance 15 Cubic Feet CF-91997 Signature LVS Double Door Inverter Deep Freezer- Champagne
15668,simple,GS-12CM11,Gree 1 Ton Charmo Series GS-12CM11 Split Air Conditioner
15675,simple,50S51K,TCL 50S51K 50″ QLED Smart TV (2026) – Full HD Android LED TV with Netflix & YouTube
15679,simple,GS-18CM11,Gree 1.5 Ton Charmo Series GS-18CM11 Split Air Conditioner
15682,simple,GS-24CM11,Gree 2 Ton Charmo Series GS-24CM11 Split Air Conditioner
15683,simple,32S59K,TCL 32 Inch QLED Smart TV 32S59K (2026) Full HD Google TV
15686,simple,40s59k,TCL 40 Inch QLED Smart TV 40S59K (2026) Full HD Google TV
15689,simple,GS-12PIT10W,Gree 1 Ton Pular Series  GS-12PIT10W Cool Only Air Conditioner
15694,simple,43s59k,TCL 43 Inch QLED Smart TV 43S59K (2026) Full HD Google TV
15702,simple,GS-12PITH11W,GREE 1 TON PULAR SERIES GS-12PITH11W INVERTER HEAT & COOL SPLIT AIR CONDITIONER
15704,simple,50S59K,TCL 50 Inch QLED Smart TV 50S59K (2026) Full HD Google TV
15706,simple,GS-12PITH11S,GREE 1 TON PULAR SERIES GS-12PITH11S INVERTER SPLIT AIR CONDITIONER
15709,simple,55p6k,TCL 55 Inch 55P6K 4K UHD Smart Google LED TV
15733,simple,GS-12PITH14S,Gree 1 Ton Pular Series GS-12PITH14S Heat & Cool Inverter Split Air Conditioner (Turbo)
15735,simple,65p6k,TCL 65 Inch 65P6K 4K UHD Smart Google LED TV
15740,simple,GS-12PITH15W,Gree 1 Ton Pular T3 Series GS-12PITH15W DC Inverter Split Air Conditioner
15741,simple,50C6KS,TCL 50 Inch 50C6KS Premium 4K QD-Mini LED Smart TV
15759,simple,GS-12PITH15G,Gree 1 Ton Pular T3 Series GS-12PITH15G DC Inverter Split Air Conditioner
15775,simple,GS-12AITH21W,GREE 1 TON AIRY PLUS GS-12AITH21W-T3 DC INVERTER HEAT & COOL SPLIT AIR CONDITIONER
15783,simple,55C6KS,"TCL 55 Inch QD-Mini LED 4K Smart Google TV 55C6KS (Dolby Vision, Dolby Atmos, 2025 Premium)"
15784,simple,GS-12AITH21B,GREE 1 TON AIRY PLUS GS-12AITH21B-T3 DC INVERTER AIR CONDITIONER
15789,simple,GS-12AITH23W,Gree 1 Ton Airy GS-12AITH23W-T3 Inverter Split Air Conditioner
15806,simple,GS-12ZITH1W,GREE 1 TON ZENO GS-12ZITH1W T3 INVERTER SPLIT AIR CONDITIONER
15819,simple,GS-12ZITH2W,GREE 1 TON ZENO GS-12ZITH2W T3 INVERTER SPLIT AIR CONDITIONER
15830,simple,GS-18PITH10W,Gree 1.5 Ton GS-18PITH10W DC Inverter Only Cool Air Conditioner
15835,simple,GS-18PITH11W,Gree 1.5 Ton Pular Series GS-18PITH11W Inverter Heat and Cool Split Air Conditioner
15841,simple,GS-18PITH11G,Gree 1.5 Ton Pular Series GS-18PITH11G Inverter Heat and Cool Split Air Conditioner
15846,simple,GS-18PITH15W-T3,Gree 1.5 Ton Pular Series GS-18PITH15W-T3 WiFi Enabled Inverter Heat and Cool Split Air Conditioner
15853,simple,GS-18PITH15G,Gree 1.5 Ton Pular Series GS-18PITH15G-T3 WiFi Enabled Inverter Heat and Cool Split Air Conditioner
15858,simple,GS-18ZITH1W,Gree 1.5 Ton Zeno Series GS-18ZITH1W-T3 WiFi Enabled Inverter Heat and Cool Split Air Conditioner
15868,simple,GS-18ZITH2W,Gree 1.5 Ton Zeno Series GS-18ZITH2W-T3 WiFi Enabled Inverter Heat and Cool Split Air Conditioner
15881,simple,GS-24PIT10W,Gree 2 Ton Pular Series GS-24PIT10W Cool Only Air Conditioner
15888,simple,GS-24PITH11W,Gree 2 Ton Pular Series GS-24PITH11W Inverter Heat And Cool Split Air Conditioner
15894,simple,GS-24PITH11G,Gree 2 Ton Pular Series GS-24PITH11G Inverter Heat And Cool Split Air Conditioner
15899,simple,GS-24PITH15/16/17/18G,Gree 2 Ton Pular Series GS-24PITH15/16/17/18G-T3 Inverter Heat And Cool Split Air Conditioner
15905,simple,GS-24ZITH1/2,Gree 2 Ton Zeno Series GS-24ZITH1/2–T3 Inverter Heat And Cool Split Air Conditioner-White
15916,simple,GS-26AITH23W,Gree 2.25 Ton Airy Series GS-26AITH23W-T3 Inverter Split Air Conditioner
15922,simple,GF-24TFIH-T3,Gree 2 Ton T Fresh GF-24TFIH-T3 Inverter Floor Standing Air Conditioner
15929,simple,GF-24ISH,GREE 2 TON GF-24ISH DC INVERTER FLOOR STANDING AIR CONDITIONER
15938,simple,GF-24VTIH-T3,GREE 2 TON VALUE TIME SERIES GF-24VTIH-T3 INVERTER FLOOR STANDING AIR CONDITIONER
15943,simple,GF-36TFIH,GREE 3 TON GF-36TFIH-T3 INVERTER FLOOR STANDING AIR CONDITIONER
15949,simple,GF-48TF,GREE 4 TON T-FRESH SERIES GF-48TF FLOOR STANDING AIR CONDITIONER
15952,simple,GF-48TFIH,GREE 4 TON T-FRESH SERIES GF-48TFIH INVERTER FLOOR STANDING AIR CONDITIONER
15970,simple,ES-12DU01WG,EcoStar 1 Ton Duke Series ES-12DU01WG Inverter Heat & Cool Split Air Conditioner
15976,simple,ES-12DU01GC,EcoStar 1 Ton Duke Series ES-12DU01GC Inverter Heat & Cool Split Air Conditioner
15986,simple,ES-10EMC1WS,EcoStar 0.75 Ton Emperor Series ES-10EMC1WS Inverter Cool Only Split Air Conditioner
15994,simple,ES-12EM01WS,EcoStar 1 Ton Emperor Series ES-12EM01WS Inverter Heat & Cool Split Air Conditioner
16000,simple,ES-12EMC1WS,EcoStar 1 Ton Emperor Series ES-12EMC1WS Cool Only Split Air Conditioner
16002,simple,ES-12AR01W-T3,EcoStar 1 Ton Ario Series ES-12AR01W-T3 Inverter Split Air Conditioner
16005,simple,ES-12NV01WT3,EcoStar 1 Ton Novo Series ES-12NV01WT3 Inverter Split Air Conditioner
16010,simple,ES-12PR02WT3,EcoStar 1 Ton Prince Series ES-12PR02WT3 Inverter Heat & Cool Split Air Conditioner
16016,simple,ES-18DU01,Ecostar 1.5 Ton Duke Series ES-18DU01 Inverter Heat & Cool Split Air Conditioner
16018,simple,ES-18DU01GC,Ecostar 1.5 Ton Duke Series ES-18DU01GC Inverter Heat & Cool Split Air Conditioner
16028,simple,ES-18EM01WS,EcoStar 1.5 Ton Emperor Series ES-18EM01WS Inverter Heat & Cool Split Air Conditioner
16030,simple,ES-18EMC1WS,EcoStar 1.5 Ton Emperor Series ES-18EMC1WS Cool Only Split Air Conditioner
16032,simple,ES-18AR01WT3,EcoStar 1.5 Ton Ario Series ES-18AR01WT3 Inverter Split Air Conditioner
16034,simple,ES-18NV01WT3,EcoStar 1.5 Ton Novo Series ES-18NV01WT3 Inverter Heat & Cool Split Air Conditioner
16042,simple,ES-18AR02WT3,EcoStar 1.5 Ton Ario MAX Series ES-18AR02WT3 Inverter Heat & Cool Split Air Conditioner
16045,simple,ES-18NV02WT3,Ecostar 1.5 Ton Novo MAX Series ES-18NV02WT3 Inverter Heat & Cool Split Air Conditioner
16050,simple,ES-18PR02WT3,EcoStar 1.5 Ton Prince Series ES-18PR02WT3 Inverter Heat & Cool Split Air Conditioner
16056,simple,ES-24DU01WG,EcoStar 2 Ton Duke Series ES-24DU01WG Inverter Heat & Cool Split Air Conditioner
16059,simple,ES-24DU01GC,EcoStar 2 Ton Duke Series ES-24DU01GC Inverter Heat & Cool Split Air Conditioner
16061,simple,ES-24EM01WS,EcoStar 2 Ton Emperor Series ES-24EM01WS Inverter Heat & Cool Split Air Conditioner
16064,simple,ES-24AR01WT3,EcoStar 2 Ton Ario Series ES-24AR01WT3 Inverter Split Air Conditioner
16067,simple,ES-24NV01WT3,Ecostar 2 Ton Novo Series ES-24NV01WT3 Inverter Heat & Cool Split Air Conditioner
17948,simple,T3-Tropical-Pro,Midea 1 Ton Eco Series T3 Tropical Pro inverter Heat and Cool Air Conditioner
17950,simple,1.5-Ton-T3-Tropical-Pro,Midea 1.5 Ton Eco Series T3 Tropical Pro Heat and Cool Air Conditioner
17953,simple,Frost-Pro-X-15,Dawlance 1 Ton Frost Pro X 15 DC Inverter Cool Only Split Air Conditioner
17959,simple,HSU-19LF-SUPREME,Haier 1.5-Ton HSU-19LF-SUPREME(W) DC Inverter Air Conditioner
17968,simple,HSU-13LF-SUPREME,Haier 1-Ton HSU-13LF-SUPREME(W) DC Inverter Air Conditioner
18965,simple,Powercon-x-15-ac,Dawlance 1 Ton Powercon X 15 T3 DC Inverter Heat & Cool Split Air Conditioner
18973,simple,Sprinter-X-Inverter,Dawlance 1 Ton Sprinter X 15 T3 DC Inverter Heat & Cool Split Air Conditioner
18980,simple,POWERCON-X-30-T3,Dawlance 1.5 Ton Powercon X 30 T3 DC Inverter Heat & Cool Split Air Conditioner
18994,simple,LUNAR-12G,Orient 1 Ton LUNAR-12G eComfort Grace Black DC Inverter Air Conditioner
18997,simple,LUNAR-18G,Orient 1.5 Ton LUNAR-18G eComfort Grace Black DC Inverter Air Conditioner
19000,simple,LUNAR-24G,Orient 2 Ton LUNAR-24G eComfort Grace Black DC Inverter Air Conditioner
19006,simple,Mega-12G,Orient 1 Ton Mega-12G DC T3 Inverter Heat & Cool Air Conditioner
19009,simple,Mega-18G,Orient 1.5 Ton Ulron Series eComfort Mega-18G DC T3 Inverter Heat & Cool Air Conditione
19013,simple,AK-24G,Orient 2 Ton AK-24G Floor Standing Inverter Air Conditioner
19016,simple,FB-18X-AUX,ORIENT 1.5 TON FB-18X AUX INVERTER IMPRINT WHITE AIR CONDITIONER
19019,simple,MSAFB-12CRN1-R410,Midea 1 Ton MSAFB-12CRN1-R410 Split Non Inverter Air Conditioner
19024,simple,MSAFC-18RN1-R410,Midea 1.5 Ton MSAFC-18RN1-R410 Split Non Inverter Air Conditioner
19030,simple,MSAFD-24RN1,Midea 2 Ton MSAFD-24RN1 Split Non Inverter Air Conditioner
19045,simple,91998 LVS,Dawlance 91998 LVS Convertible Twin Door Deep Freezer
19050,simple,CF-91997-LVS,Dawlance CONVERTIBLE CF-91997 LVS 4-in-1 Twin Door Deep Freezer
19059,simple,91998-Signature-LVS,Dawlance 91998 Signature LVS White Twin Door Deep Freezer
19062,simple,500-DD,Dawlance 500 DD Twin Door Deep Freezer
19065,simple,DF-400-SD,Dawlance DF-400 SD Inverter Single Door Deep Freezer
19072,simple,DF- 400,Dawlance DF 400 Commercial White Single Door Deep Freezer
19084,simple,91997- Signature,Dawlance 91997 Signature Inverter Champagne Twin Door Deep Freezer
19088,simple,91998-Signature-Inverter-Grey,Dawlance 91998 Signature Inverter Grey Twin Door Freezer
19096,simple,91998-Signature,Dawlance 91998 Signature LVS Champagne Twin Door Deep Freezer
19102,simple,CF-91997-LVS-Twin,Dawlance CONVERTIBLE CF-91997 LVS Twin Door Deep Freezer
19121,simple,400-EDS,Dawlance 400-EDS Chest Deep Freezer
19135,simple,300-W-Inverter,Dawlance 10 Cubic Ft Single Door Non Inverter DF-300W Deep Freezer
19141,simple,DF-200P-D,Dawlance DF-200P D Solar (ARC-P1 White) Deep Freezer
19147,simple,DF-200-SD,Dawlance DF-200 SD Inverter White Deep Freezer
19153,simple,HSU-13LF,Haier 1 Ton HSU-13LF Inverter Air Conditioner
19160,simple,200P-W-Chest,Dawlance DF-200P STUCCO PCM Chest Deep Freezer
19171,simple,400-P,Dawlance 400P Chest Deep Freezer
19172,simple,Cool-Breeze,PEL 1 Ton Cool Breeze Inverter Cool Only Air Conditioner
19184,simple,300P-W,DAWLANCE DF-300P STUCCO PCM NON INVERTER CHEST DEEP FREEZER
19200,simple,200-Energy-Saver,Dawlance DF-200 Energy Saver Glass Door Chest Deep Freezer (Champagne)
19207,simple,HDF-385IG,Haier HDF-385IG Inverter Grey Twin Cabinet Chest Deep Freezer
19212,simple,HDF-405IG,Haier HDF-405IG Inverter Grey Chest Deep Freezer
19225,simple,KES-1867S,KENWOOD 1.5 TON KES-1867S ECOMFORT PRO INVERTER AIR CONDITIONER
19231,simple,MEGA T+10,DAWLANCE 0.75 TON MEGA T+10 DC INVERTER AIR CONDITIONER
19236,simple,HSU-10LF,Haier 0.75 Ton HSU-10LF Flexis Inverter Air Conditioner
19239,simple,15-Infinity-Pro,Dawlance 1 Ton Infinity Pro 15 Non-Inverter Cool Only Split Air Conditioner
19244,simple,ECM-3500-PLUS,SUPERASIA ECM-3500 PLUS DC SMART COOL AIR COOLER
19248,simple,ECM-4600,SUPERASIA ECM-4600 AUTO AC/DC INVERTER EASY COOL AIR COOLER
19254,simple,WF-1304,WestPoint WF-1304 Deluxe Evaporative Room Air Cooler
19258,simple,HDF-175IG 175L,Haier HDF-175IG 175L Inverter Chest Deep Freezer
19259,simple,ECM-6500-PLUS,SUPERASIA ECM-6500 PLUS FAST COOL AIR COOLER
19265,simple,Haier HDF-385INV,Haier HDF-385INV 385L Inverter Twin Cabinet Chest Deep Freezer
19271,simple,ECM-6500-IB,Boss ECM-6500-IB Ice Box Air Cooler
19282,simple,GF-6600,GFC Room GF-6600 Deluxe AC/DC Inverter Room Air Cooler
19289,simple,GF-6700,GFC GF-6700 AC Touch Inverter Room Air Cooler
19291,simple,Haier HDF-285INV,Haier 285L Inverter Chest Freezer HDF-285INV Double Door Deep Freezer
19301,simple,RAC-4700,Royal RAC-4700 Room Air Cooler
19308,simple,RAC-4700-AC-Inverter,Royal RAC-4700 AC Inverter Room Air Cooler
19315,simple,HRF-438-IFGA,Haier HRF-438 IFGA 16 Cu Ft Green Glass Door Digital Inverter Refrigerator
19435,simple,KES-1272S,Kenwood 1 Ton E-Smart Pura KES-1272S Inverter Heat & Cool Air Conditioner
19442,simple,Frost-Pro-X-30,Dawlance 1.5 Ton Frost Pro X 30 DC Inverter Cool Only Split Air Conditioner
19443,simple,KEL-1871S,Kenwood 1.5 Ton E-Luxury Plus KEL-1871S Inverter Heat & Cool Air Conditioner
19451,simple,KEL-1270S,Kenwood 1 Ton E-Luxury Pro KEL-1270S Inverter Air Conditioner
19462,simple,TAC-12SVN-AI-11,TCL 1 TON SAVE IN SERIES TAC-12SVN-AI-11 DC INVERTER ARI CONDITIONER
19469,simple,PINV-12K-Turbo-Ultimate-T3,PEL 1 Ton PINV 12K Turbo Ultimate T3 (H&C) Inverter Air Conditioner
19474,simple,On-FIT-White-Inverter,PEL 1.5 Ton On FIT White Inverter (H&C) Air Conditioner
19479,simple,PINV-18K-JUMBO-DC-Prime,PEL 1.5 Ton PINV-18K JUMBO DC Prime Wifi T3 Inerter (H&C) Air Conditioner
19484,simple,PINV-18K-Aero-Extend,PEL 1.5 Ton PINV-18K Aero Extend Inverter (H&C) Air Conditioner
19489,simple,PINV-12K-Jumbo-Prime+T3,PEL 1 Ton PINV-12K Jumbo Prime+ T3 (Wifi) Inverter Split Air Conditioner
19490,simple,SaveIN AI-21-AC-R32,TCL 1.5 Ton SaveIN AI-21 AC R32 Inverter Air Conditioner
19494,simple,SaveIN AI-41,TCL 1.5 Ton SaveIN AI-41 Black Design R32 Inverter Air Conditioner
19500,simple,SaveIN-EX-31W,TCL 1.5 Ton SaveIN-EX-31W Inverter R32 Air Conditioner
19513,simple,Elite-HEA-TAC-24HEA,TCL 2 TON Elite-HEA TAC-24HEA INVERTER AIR CONDITIONER
19518,simple,PAC-24K-Majestic,PEL 2 Ton PAC-24K Majestic 4D T3 Air Conditioner
19524,simple,GS-18PITH14S,Gree 1.5 Ton Pular Series GS-18PITH14S Inverter Heat & Cool Air Conditioner
19536,simple,12K-PINV-Fit-Graphite,PEL 1 Ton 12K PINV Fit Graphite (H&C) Inverter Air Conditioner
19542,simple,MSCB1DU-24HRFN8-QRD1GW,Midea 2 Ton MSCB1DU-24HRFN8-QRD1GW Breezeless E Series DC Inverter R32 T3 Air Conditioner
19558,simple,18K-ATOM-W,PEL 1.5 TON ATOM 18K ATOM-W INVERTER AIR CONDITIONER
19563,simple,1.0-Ton-Cruise-Plus,Dawlance 1 Ton Cruise Plus DC Inverter Heat & Cool Split Air Conditioner
19566,simple,1.5-Ton-Chillex,Dawlance 1.5 Ton Chillex DC Inverter Heat & Cool Split Air Conditioner
19569,simple,1.5-Ton-EnerCon-X-T3,Dawlance 1.5 Ton EnerCon X 30 T3 DC Inverter Heat & Cool Split Air Conditioner
19578,simple,1-Ton-Chillex,Dawlance 1 Ton Chillex DC Inverter Heat & Cool Split Air Conditioner
19580,simple,HSU-13HFS/W/G-T3,Haier 1 Ton HSU-13HFS/W/G-T3 Pro Inverter Heat & Cool Split Air Conditioner
19581,simple,PEL-24K-Supreme,PEL 2 Ton 24K Supreme Inverter Floor Standing  Air Conditioner
19591,simple,PEL-24K-Bold,PEL 2 Ton 24K Bold+ Inverter Floor Standing Cabinet Air Conditioner
19593,simple,1.5-Ton-Cruise-Plus,Dawlance 1.5 Ton Cruise Plus DC Inverter Heat & Cool Split Air Conditioner
19597,simple,HSU-19HFC,Haier 1.5 Ton HSU-19HFC Triple Inverter Heat & Cool Split Air Conditioner
19607,simple,30-Infinity-Pro,Dawlance 1.5 Ton Infinity Pro 30 Non-Inverter Cool Only Split Air Conditioner
19611,simple,HSU-19-HFAB-T3-Pro,Haier 1.5 Ton HSU-19 HFAB T3 Pro Inverter Air Conditioner (Grey)
19619,simple,HSU-18HFTCD-T3,Haier 1.5 Ton HSU-18HFTCD T3 Inverter Air Conditioner
19624,simple,ES-18DU01WG,EcoStar 1.5 Ton Duke Series ES-18DU01WG Inverter Heat & Cool Split Air Conditioner
19631,simple,12-E-Cool,TCL 1 Ton 12-E Cool DC Inverter Split Air Conditioner
19637,simple,KEA-1250,Kenwood 1 Ton KEA-1250 Split Air Conditioner
19641,simple,PAC-12k-Majestic,Pel 1 Ton PAC-12k Majestic ES2-4D Split Air Conditioner
19647,simple,1.0-Ton-15-ENERCON,Dawlance 1 Ton Enercon X 15 T3 DC Inverter Heat & Cool Split Air Conditioner
19650,simple,Aeromax-15,Dawlance 1 Ton Aeromax-15 Inverter Heat and Cool Split Air Conditioner
19657,simple,Aura-X-15,Dawlance 1 Ton Aura X 15 DC Inverter Heat & Cool Air Conditioner
19669,simple,,Dawlance 9191 Avante Non-Inverter Refrigerator
19672,simple,,Dawlance 9191 Avante Inverter Refrigerator
19677,simple,1.25-Ton-20-Chrome,Dawlance 1.25 Ton 20 Chrome Inverter Heat & Cool Split Air Conditioner
19680,simple,Elegance-X-15,Dawlance 1 Ton Elegance-X 15 DC Inverter Heat & Cool Split Air Conditioner
19690,simple,KES-1273S,Kenwood 1 Ton E-Serene KES-1273S Heat & Cool Air Conditioner
19698,simple,PDF-130,PEL PDF-130 13 CFT Arctic Inverter Single Door Deep Freezer
19701,simple,HDF-545DD,Haier HDF-545DD (19 CF) Double Door Deep Freezer
19707,simple,HDF-230,Haier HDF-230 (8 CF) Inverter Double Door Deep Freezer
19719,simple,HDF-285INV,Haier HDF-285INV (10 CF) Inverter Single Door Chest Deep Freezer
19731,simple,KGP-12C01S,Kenwood 1 Ton Glory Pro KGP-12C01S DC Inverter Split Air Conditioner
19736,simple,HWM-80CS,Haier 8-kg HWM-80CS Semi Automatic Twin Tub Washing Machine
19741,simple,MSEZ2B-12HRFN1,MIDEA 1 TON MSEZ2B-12HRFN1 T3 XTREME PLUS INVERTER AIR CONDITIONER
19747,simple,PDFT 70-155,PEL PDFT 70-155 15 CFT Arctic Pro Twin Door Deep Freezer
19756,simple,MWO-DW-MD7,Dawlance MWO DW-MD7 20L Microwave Oven
19774,simple,DW-295,Dawlance MWO DW-295 20L Heating Microwave Oven
19786,simple,DW-297-GSS,Dawlance MWO DW-297-GSS Grilling Microwave Oven
19795,simple,DW-220-S,Dawlance MWO DW-220 S 20L SOLO Heating Microwave Oven
19803,simple,DW-210-S-PRO,Dawlance MWO DW-210 S PRO 20L Heating Microwave Oven
19822,simple,DW-MD4 WHITE,Dawlance MWO DW-MD4 WHITE 20L Heating Microwave Oven
19830,simple,DW-MD-4-BLACK,Dawlance MWO DW-MD-4 BLACK 20L Heating Microwave Oven
19838,simple,MD-20,Dawlance MWO MD-20 INV 20L Heating Microwave Oven
19843,simple,DW-374,Dawlance MWO DW-374 23L Heating Microwave Ovenx (CHAMPAGNE)
19861,simple,DW-393-GSS,Dawlance DW-393 GSS 23L Grilling Microwave Oven
19870,simple,DW-388,Dawlance DW-388 23L Heating Microwave Oven
19877,simple,DW-115-CHZP,Dawlance MWO DW-115-CHZP 25L Baking Microwave Oven
19899,simple,DAC-Hyper-T3,Dawlance 1.5 Ton DAC-Hyper T3 Inverter Silver Split Air Conditioner
19911,simple,24X-Divine-(Pristine),Orient 2 Ton 24X Divine (Pristine) Inverter Split Air Conditioner
19914,simple,KES-1866S,Kenwood 1.5 Ton KES-1866S E-Smart OYNX Inverter Air Conditioner
19917,simple,GS-18AITH24S,Gree 1.5 TON Airy Pro GS-18AITH24S Inverter Heat & Cool Split Air Conditioner
19922,simple,MSAGC-18HRFN,Midea 1.5 Ton MSAGC-18HRFN Xtreme Full DC Inverter Heat & Cool Air Conditioner
19933,simple,AG-146,Anex AG-146 1000W Deluxe Hand Blender
19938,simple,MX-SS1,Panasonic MX-SS1 Hand Blender
19941,simple,WF-7501GL,WestPoint WF-7501GL Deluxe 500W Glass Jar Juicer Blender
19951,simple,HR-2141,Philips HR-2141 Daily Collection Blender
19962,simple,176-GL,Anex AG-176-GL 600W 3 in 1 Juicer Blender Grinder
19987,simple,55P79K,TCL 55 Inches 55P79K 4K UHD Google QLED TV
19990,simple,H50S81EUX,Haier 50 inch H50S81EUX QLED Google TV
19995,simple,1.0-Ton-Mega-Flex,Dawlance 1 Ton Mega Flex Inverter Split Air Conditioner
20003,simple,Econo-Plus-X-15,Dawlance 1 Ton Econo Plus X 15 DC Inverter Heat & Cool Split Air Conditioner
20006,simple,Elegance-Pro-15,Dawlance 1 Ton Elegance Pro 15 DC Inverter Heat & Cool Split Air Conditioner
20009,simple,Mega-T3-Pro-30,Dawlance 1.5 Ton Mega T3 Pro 30 Inverter Heat & Cool Split Air Conditioners
20017,simple,Sprinter-X-30-T3,Dawlance 1.5 Ton Sprinter X 30 T3 DC Inverter Heat & Cool Split Air Conditioner
20025,simple,Aeromax-Inverter-30,Dawlance 1.5 Ton Aeromax 30 Inverter Heat and Cool Split Air Conditioner
20028,simple,Prima-PurSense-30,Dawlance 1.5 Ton Prima PurSense 30 Inverter Heat & Cool Split Air Conditioner
20038,simple,Econo-Plus-30,Dawlance 1.5 Ton Econo Plus X 30 DC Inverter Heat & Cool Split Air Conditioner
20041,simple,Infinity-Pro-30,Dawlance 1.5 Ton Infinity Pro 30 Inverter Split Air Conditioner
20046,simple,Mega-Flex-30,Dawlance 1.5 Ton Mega Flex 30 Inverter Heat & Cool Split Air Conditioner
20056,simple,Magna-T3-30,Dawlance 1.5 Ton Magna T3 30 Inverter Heat & Cool Split Air Conditioner
20067,simple,Avante-30-T3,Dawlance 1.5 Ton Avante 30-T3 DC Inverter Heat & Cool Split Air Conditioner
20086,simple,Chrome-Pro-30,Dawlance 1.5 Ton Chrome Pro 30 Inverter Heat & Cool Split Air Conditioner
20101,simple,Suave+-30,Dawlance 1.5 Ton Suave+ 30 Inverter Heat & Cool Split Air Conditioner
20124,simple,Chrome+-45,Dawlance 2 Ton Chrome+ 45 Inverter Heat & Cool Split Air Conditioner
20135,simple,Dual-Pro-45-T3,Dawlance 2 Ton Dual Pro 45 T3 Inverter Split Air Conditioner
20138,simple,ES-12DU02WG,EcoStar 1 Ton Duke Series ES-12DU02WG Inverter Heat & Cool Split Air Conditioner
20141,simple,ES-12DU01BC,EcoStar 1 Ton Duke Series ES-12DU01BC Inverter Heat & Cool Split Air Conditioner
20149,simple,DF-500DD,Dawlance DF-500DD 15 CFT Inverter Double Door Deep Freezer
20157,simple,HDF-405I,Haier HDF-405I Inverter Single Door Deep Freezer
20168,simple,HDF-545INV,Haier HDF-545INV Inverter Double Door Deep Freezer
20177,simple,PDF70-100,PEL PDF70-100 APF 10 CFT Arctic Pro Inverter Single Door Deep Freezer
20184,simple,ES-12EM02WS,EcoStar 1 Ton Emperor Series ES-12EM02WS Heat & Cool Split Air Conditioner
20194,simple,ES-12NV02WT3,Ecostar 1 Ton Novo MAX Series ES-12NV02WT3 Inverter Heat & Cool Split Air Conditioner
20199,simple,ES-18DU02WG-SA+,EcoStar 1.5 Ton Duke Series ES-18DU02WG SA+ Inverter Heat & Cool Split Air Conditioner
20230,simple,HSU-19LF-PRIME(W),Haier 1.5 Ton HSU-19LF-PRIME(W) DC Inverter Air Conditioner
20240,simple,HSU-18HJ(G),Haier 1.5 Ton HSU-18HJ(G) Inverter Heat & Cool Split Air Conditioner
20243,simple,HSU-20HJUV(G)-T3,HAIER 1.5 TON HSU-20HJUV(G)-T3 INVERTER HEAT & COOL AIR CONDITIONER
20248,simple,HSU-19HFMCE,Haier 1.5 Ton HSU-19HFMCE Inverter Heat & Cool Split Air Conditioner
20251,simple,HSU-19HFS/W/G-T3,HAIER 1.5 TON HSU-19HFS/W/G-T3 INVERTER HEAT & COOL AIR CONDITIONER
20255,simple,HSU-18HFMCE,Haier 1.5 Ton HSU-18HFMCE Inverter Heat & Cool Split Air Conditioner
20365,simple,HSU-24HFAB(W)-T3,HAIER 2 TON HSU-24HFAB(W) T3 INVERTER HEAT & COOL SPLIT AIR CONDITIONER
20370,simple,HSU-24CF,Haier 2 Ton HSU-24CF Cool Only Split Air Conditioner
20388,simple,GS-12AITH24S-T3,Gree 1 Ton Airy Pro GS-12AITH24S-T3 Inverter Heat & Cool Split Air Conditioner
20430,simple,GS-12PITC12W-T3,Gree 1 Ton Pular T3 Series GS-12PITC12W-T3 Cool Only Split Air Conditioner
20441,simple,GS-12AITH24W-T3,Gree 1 Ton Airy Pro GS-12AITH24W-T3 Inverter Heat & Cool Split Air Conditioner
20455,simple,Snow-14C-T3,Oreint 1.25 Ton Snow 14C T3 Chrome Inverter Cool Only Split Air Conditioner
20458,simple,Ice-14C-T3,Oreint 1.25 Ton Ice 14C T3 Gold White Inverter Cool Only Split Air Conditioner
20461,simple,GS-12FITH1/S/W,Gree 1 Ton Fairy Series GS-12FITH1/S/W Inverter Heat & Cool Split Air Conditioner
20475,simple,GS-18AITH21B-T3,Gree 1.5 Ton Airy Plus Series GS-18AITH21B-T3 Inverter Heat and Cool Split Air Conditioner
20480,simple,GS-18AITH21W-T3,Gree 1.5 Ton Airy Plus Series GS-18AITH21W-T3 Inverter Heat & Cool Split Air Conditioner
20488,simple,GS-18AITH24W-T3,Gree 1.5 Ton Airy Plus Series GS-18AITH24W-T3 Inverter Heat & Cool Split Air Conditioner
20493,simple,GS-18PITC12W-T3,Gree 1.5 Ton Pular T3 Series GS-18PITC12W-T3 Cool Only Split Air Conditioner
20499,simple,GS-18PITH17W-T3,Gree 1.5 Ton Pular T3 Series GS-18PITH17W-T3 Inverter Heat & Cool Split Air Conditioner
20504,simple,GS-24PITH11S/14S,Gree 2 Ton Pular Series GS-24PITH11S/14S Inverter Heat & Cool Air Conditioner
20514,simple,GS-24AITH24S-T3,Gree 2 Ton Airy Pro Series GS-24AITH24S-T3 Inverter Heat & Cool Split Air Conditioner
20518,simple,GS-24AITH21B-T3,Gree 2 Ton Airy Plus Series GS-24AITH21B-T3 Inverter Heat & Cool Split Air conditioner
20523,simple,GS-24AITH24W-T3,Gree 2 Ton Airy Pro Series GS-24AITH24W-T3 Inverter Heat & Cool Split Air Conditioner
20528,simple,GS-24FITH1C,Gree 2 Ton Fairy Series GS-24FITH1C Inverter Heat & Cool Split Air Conditioner
20534,simple,GS-24PITH10W,Gree 2 Ton Pular Series GS-24PITH10W Inverter Cool Only Split Air Conditioner
20543,simple,HES-1213-T3,Homage 1 Ton Grande HES-1213-T3 Non Inverter Split Air Conditioner
20547,simple,HCS-1221S,Homage 1 Ton Classic HCS-1221S Inverter Split Air Conditioner
20550,simple,HSC-1212S-T3,Homage 1 Ton Smart Crystal HSC-1212S-T3 Inverter Split Air Conditioner
20553,simple,HES-1222S-T3,Homage 1 Ton Element Ultra HES-1222S-T3 Inverter Split Air Conditioner
20556,simple,HSC-1220S,Homage 1 Ton Smart Cool HSC-1220S Inverter Heat & Cool Split Air Conditioner
20562,simple,HPS-12C01S-T3,Homage 1 Ton Prestige HPS-12C01S-T3 Inverter Split Air Conditioner
20565,simple,HCS-1821S,Homage 1.5 Ton Classic HCS-1821S Inverter Split Air Conditioner
20568,simple,HSC-1820S-T3,Homage 1.5 Ton  Smart Cool HSC-1820S-T3 Inverter Heat & Cool Split Air Conditioner
20571,simple,HPS-18C01S-T3,Homage 1.5 Ton Pristige HPS-18C01S-T3 Inverter Split Air Conditioner
20574,simple,HCS-2421S,Homage 2 Ton Classic HCS-2421S-T3 Inverter Split Air Conditioner
20603,simple,KGP-12C03S-T3,KENWOOD 1 TON GLORY PLUS KGP-12C03S-T3 INVERTER SPLIT AIR CONDITIONER
20611,simple,KES-1266S,Kenwood 1 Ton E-Smart Onyx KES-1266S Inverter Split Air Conditioner
20621,simple,KLU-18B03S-T3,Kenwood 1.5 Ton Luxury Ultra KLU-18B03S-T3 Inverter Split Air conditioner
20626,simple,KEN-1876S,Kenwood 1.5 Ton E-Nova Pro KEN-1876S Non Inverter Only Cool Split Air Conditioner
20631,simple,KGP-18C01S-T3,Kenwood 1.5 Ton Glory Pro KGP-18C01S-T3 Inverter Split Air Conditioner
20645,simple,KES-1872S,Kenwood 1.5 Ton E-Smart Pura KES-1872S Inverter Split Air Conditioner
20651,simple,KLP-18B02S-T3,KENWOOD 1.5 TON LUXURY PRO KLP-18B02S-T3 INVERTER AIR CONDITIONER
20655,simple,KGP-18C03S-T3,KENWOOD 1.5 TON GLORY PLUS KGP-18C03S-T3 INVERTER SPLIT AIR CONDITIONER
20664,simple,KEL-2470S-T3,Kenwood 2 Ton E-Luxury Pro KEL-2470S-T3 Inverter Split Air Conditioner
20987,simple,DS-6080-1,Dawlance DS 6080 Cosmic Blue Spinner Dryer
20994,simple,HWM110-688S8,HAIER 11KG HWM110-688S8 AUTOMATIC TOP LOAD WASHING MACHINE
20999,simple,HWM150-826S6,Haier HWM150-826S6 15KG Automatic Top Load Washing Machine
21005,simple,HWM90-826E-1,Haier HWM90-826E 9KG Automatic Top Load Washing Machine
21009,simple,HWM130-688S8,Haier HWM130-688S8 13KG Automatic Top Load Washing Machine
21017,simple,SA-812,Super Asia 12Kg SA-812 Inverter Topload Automatic Washing Machine
21020,simple,,Super Asia SA-280 Grand Wash 10KG Semi Automatic Twin Tub Washing Machine
21025,simple,,Super Asia SA-241 Smart Wash 7KG Twin Tub Washing Machine
21034,simple,HAF50MB-1,Haier HAF50MB Black 5L Air Fryer
21046,simple,,Haier 5Litre Black HAF-50DB Digital Air Fryer
21054,simple,WF-5255,WestPoint WF-5255 Deluxe 6L 1500W Retro Style Air Fryer
21058,simple,DWAF-6322-1,Dawlance 5.5 Litre AirFryer DWAF 6322 D XL
21066,simple,DWAF-6321-1,Dawlance Air Fryer DWAF-6321 L (5.5 Liters)
21073,simple,AG-2025,Anex AG-2025 8 Liter Digital LED Deluxe Air Fryer
21079,simple,AG-2015,Anex AG-2015 8 Liter Deluxe Air Fryer
21084,simple,AG-2020,Anex AG-2020 1700W Deluxe Air Fryer
21089,simple,AG-2125,Anex AG-2125 8 Litre Deluxe Air Fryer
21449,variable,exchange-offer-ac-4,"AC Exchange Offer in Karachi – Dawlance, Haier, PEL & TCL Inverter AC (Rs. 74,999) (Copy)"
21450,variation,,"AC Exchange Offer in Karachi – Dawlance, Haier, PEL & TCL Inverter AC (Rs. 74,999) (Copy) - Dawlance 1 Ton Inverter AC"
21451,variation,,"AC Exchange Offer in Karachi – Dawlance, Haier, PEL & TCL Inverter AC (Rs. 74,999) (Copy) - EcoStar 1 Ton Inverter AC"
21452,variation,,"AC Exchange Offer in Karachi – Dawlance, Haier, PEL & TCL Inverter AC (Rs. 74,999) (Copy) - Haier 1 Ton Inverter AC"
21453,variation,,"AC Exchange Offer in Karachi – Dawlance, Haier, PEL & TCL Inverter AC (Rs. 74,999) (Copy) - Pel 1 Ton Inverter AC"
21454,variation,,"AC Exchange Offer in Karachi – Dawlance, Haier, PEL & TCL Inverter AC (Rs. 74,999) (Copy) - TCL 1 Ton Inverter AC"
21698,simple,PEL-215,PEL-215 Pearl Hot & Cold Water Dispenser (Without Refrigerator Compartment)
21714,simple,PMO-20W,PEL PMO-20W 20L Classic Solo Microwave Oven
21719,simple,CSU-13HF,Haier Candy CSU-13HF 1.0 Ton DC Inverter Heat & Cool Air Conditioner
21734,simple,DW-9193LF,Dawlance DW-9193LF 16 Cu Ft Chrome Hairline Black Double Door Refrigerator
21783,simple,DW-91999,Dawlance DW-91999 20 Cu Ft Coral Red Double Door Refrigerator
21793,simple,PEL-1400-SD,PEL PEL-1400-SD 135 Liters Mini Refrigerator
21798,simple,PEL-315,PEL 315 Smart Hot & Cold Water Dispenser with Refrigerator
21807,simple,GS-12PITH17W-T3,Gree 1 Ton Pular T3 Series GS-12PITH17W-T3 Inverter Heat & Cool Air Conditioner
21812,simple,GS-18PITH17G-T3,Gree 1.5 Ton Pular T3 Series GS-18PITH17G-T3 Inverter Heat & Cool Air Conditioner
21817,simple,HSU-24HFAB(G)-T3,Haier 2 Ton HSU-24HFAB(G)-T3 Inverter Split Air Conditioner
21823,simple,HPU-48CE03-(R410a),Haier 4 Ton HPU-48CE03-(R410a) Non Inverter Cool Only Floor Standing Air Conditioner
21837,simple,HAIER-50S80EUX,Haier 50 Inch 4K QLED Smart Google TV 50S80EUX
21838,simple,KCT-1801H,Kenwood 1.5 Ton KCT-1801H Non-Inverter Ceiling Cassette Air Conditioner
21847,simple,KCT-2401H,Kenwood 2 Ton KCT-2401H Non Inverter Ceiling Cassette Air Conditioner
21849,simple,32S80EFX,Haier 32 Inch Smart QLED Google TV 32S80EFX
21854,simple,HAIER-32K85FX,Haier 32 Inch Google LED TV H32K85FX
21857,simple,H43K85FX,Haier 43 Inch Smart Google LED TV H43K85FX
21868,simple,HAIER-40K85FFX,Haier 40 Inch Smart Google LED TV 40K85FFX
21871,simple,55S80EUX,Haier 55 Inch Smart 4K QLED Google TV 55S80EUX
21873,simple,4.30E+23,Dawlance 43 Inch Smart 2K Google LED TV 43E22
21878,simple,50G3A,Dawlance 50 Inch Pro 4K Ultra HD Smart Android TV |G3A
21884,simple,HBU-24HE/DC,Haier 2.0 Ton Ceiling Cassette Inverter Air Conditioner HBU-24HE/DC
21885,simple,9173LF-Acce-Pro-Crimson-Red,Dawlance 9173LF-Acce-Pro 12 Cu Ft Crimson Red Inverter Double Door Refrigerator
21890,simple,9173-WB-Avante+-Cloud-White,Dawlance 9173-WB-Avante+ 12 Cu Ft Cloud White Inverter Double Door Refrigerator
21893,simple,9193LF-Digital-Pro-Magnetic-Green,Dawlance 9193LF-Digital-Pro 16 Cu Ft Magnetic Green Inverter Double Door Refrigerator
21896,simple,HRF-578TBG,Haier HRF-578TBG 505 Liters Black Glass Inverter Refrigerator
21906,simple,18HRDN1-QC2-AG2,Midea 1.5 Ton 18HRDN1-QC2-AG2-T3 Fighting Series Inverter Air Conditioner
21911,simple,50G22,Dawlance 50 Inch Smart 4K Ultra HD Google LED TV |50G22
21918,simple,43G3A,Dawlance 43 Inch 43G3A 4K Ultra HD Smart LED TV
21921,simple,HAIER-43S80EUX,Haier 43 Inch 43S80EUX Smart Google 4K QLED TV
21925,simple,Aura X 30,Dawlance 1.5 Ton Aura X 30 DC Inverter Heat & Cool Air Conditioner
21983,simple,40KORE,Dawlance 40 Inch 40KORE Smart Full HD Google LED TV
21984,simple,Elegance-X-30,Dawlance 1.5 Ton Elegance-X 30 DC Inverter Heat & Cool Split Air Conditioner
21994,simple,Elegance-Pro-30,Dawlance 1.5 Ton Elegance Pro 30 DC Inverter Heat & Cool Split Air Conditioner
22000,simple,32KORE,Dawlance 32 Inch 32KORE Smart HD Google LED TV Android TV
22001,simple,GS-24PITH15W,Gree 2 Ton Pular T3 Series GS-24PITH15W DC Inverter Heat & Cool Split Air Conditioner
22009,simple,HRF-276EPB,Haier HRF-276EPB 10 Cu Ft Black Glass E-Star Non-Inverter Refrigerator
22010,simple,MSEZ1C-18HRFN1-T3,Midea 1.5 Ton Titan MSEZ1C-18HRFN1-T3 DC Inverter Heat & Cool Split Air Conditioner
22013,simple,MSEZ2C-18HRFN1-T3,Midea 1.5 Ton Xtreme Plus MSEZ2C-18HRFN1-T3 DC Inverter Heat & Cool Split Air Conditioner
22023,simple,MSCB1CU-18HRFN8,Midea 1.5 Ton Breezeless (E) MSCB1CU-18HRFN8 DC Inverter Heat & Cool Split Air Conditioner
22028,simple,KES-1866S-T3,Kenwood 1.5 Ton KES-1866S-T3 eSmart Onyx Full DC Inverter Heat & Cool Split Air Conditioner
22032,simple,KEE-1245S,Kenwood 1 Ton KEE-1245S E-Eco Plus DC Inverter Heat & Cool Split Air Conditioner
22035,simple,18T5-Voxin-13,TCL 1.5 Ton 18T5 Voxin-13 Full DC Inverter Heat & Cool Split Air Conditioner
22038,simple,18T3-PRO-2-T3,TCL 1.5 Ton 18T3 PRO 2-T3 DC Inverter Heat & Cool Split Air Conditioner
22043,simple,ES-18CRO1W,EcoStar 1.5 Ton Crown Series ES-18CRO1W DC Inverter Heat & Cool Split Air Conditioner
22048,simple,40K85EFX,Haier 40 Inch 40K85EFX Full HD Smart Google LED TV
22053,simple,HRF-368-IFRA,Haier HRF-368 IFRA 14 Cu Ft Red Glass Door Digital Inverter Refrigerator
22057,simple,9169WB Avante+,Dawlance 9169WB 11 Cu Ft Avante+ Sapphire Purple Double Door Refrigerator
22067,simple,PRLP-2000,PEL PRLP-2000 168 Liters Non-Inverter Top Mount Refrigerator
22076,simple,2350-Prinvo,PEL 2350-Prinvo 240 Liters Maroon Blaze Inverter Refrigerator
22077,simple,HC-54G,Super Asia 54G with 3 Taps Water Dispenser
22089,simple,6370-Digitron-Ultra,PEL 6370-Digitron-Ultra 310 Liters Red Blaze Inverter Refrigerator
22091,simple,PINVHC-18K-Fit,PEL 1.5 Ton 18K Fit DC Inverter Split Air Conditioner White
22099,simple,HMW-23200DG,Haier 23L HMW-23200 Digital Grill Microwave Oven
22103,simple,HSCF-24HNR1,Haier 2.0 Ton HSCF-24HNR1 Cassette Inverter Heat & Cool Air Conditioner
22107,simple,P3TCWD-525,PEL 525 Curved Glass Door 3 Taps with Refrigerator Water Dispenser
22119,simple,9106-SD,Dawlance 9106-SD 6 Cu Ft Metallic Grey Non-Inverter Mini Refrigerator
22125,simple,HMSO-2019B,Homage HMSO-2019B-20 Liters Solo Microwave Oven – Black
22129,simple,MSEZ1B-12HRFN1,Midea 1.0 Ton MSEZ1B-12HRFN1-Titan Full DC Inverter Heat & Cool Air Conditioner
22136,simple,HGS-1121WE,Homage Handheld Garment Steamer HGS-1121WE – 1200W
22141,simple,HGS-1151BE,Homage Handheld Garment Steamer |HGS-1151BE –1500W with LCD Display
22153,simple,12B025,Kenwood 12B02S Luxury Pro WiFi Inverter Air Conditioner (T3 Compressor)
22164,simple,WD-1060,Dawlance WD-1060 WGR Champagne Top Load Water Dispenser with Refrigerator
22165,simple,DWHB-475W,Dawlance Hand Blender DWHB-475W – 500W Copper Motor
22211,simple,HMSO-2020B,"Homage HMSO-2020B Microwave Oven (20 Liters, Solo, Black)"
22221,simple,STP01,"Kenwood STP01 Steam Iron (1100W, Non-Stick Soleplate)"
22225,simple,DW -7200-W-FL,Dawlance DW-7200 W FL 6-KG Single Tub Washer Washing Machine – White
22237,simple,18DUO2BC,EcoStar 1.5 Ton 18DUO2BC DC Inverter Heat & Cool Split Air Conditioner
22255,simple,DW-525-AF,"Dawlance MWO DW 525 AF Air Fryer Microwave Oven (25 Liters, 4-in-1)"
22283,simple,KES-2452FHI,Kenwood 2.0 Ton KES-2452FHI Superia Smart Floor Standing Inverter Heat & Cool Air Conditioner
22286,simple,MSE1C-18HRFN1-QC2),Midea 1.5 Ton Titan MSE1C-18HRFN1-QC2 Inverter Heat & Cool Split Air Conditioner
22303,simple,DW-128 G,Dawlance 28L DW-128 G Grill Microwave Oven
22311,simple,MSCB1BU-12HRFN8,Midea 1 Ton Breezeless MSCB1BU-12HRFN8 Inverter Heat & Cool Split Air Conditioner
22315,simple,KRF-26657,Kenwood KRF-26657 18 Cu Ft Maroon Inverter Refrigerator
22319,simple,9173WB-Coral-Red,Dawlance 9173WB 12 Cu Ft Coral Red Refrigerator
22324,simple,KWS-1050S,Kenwood 10KG KWS-1050S Spin Dryer Washing Machine
22329,simple,9178LF,Dawlance 9178LF 14 Cu Ft Red Inverter Refrigerator
22336,simple,9149WB-Grey,Dawlance 9149WB 9 Cu Ft Grey Refrigerator
22340,simple,HSU-14HFTEX-G-T3,Haier 1.25 Ton Plus Series HSU-14HFTEX-G-T3 Plus Inverter Heat & Cool Split Air Conditioner
22345,simple,KRF-23357,Kenwood KRF-23357 11 Cu Ft Maroon Inverter Double Door Refrigerator
22349,simple,9178 LF,Dawlance 9178 LF 14 Cu Ft E-Chrome Hairline Golden Refrigerator
22359,simple,GNW-95023,Gaba National GNW-95023 Twin Tub Baby Washing Machine – Blue / Pink
22384,simple,HDG-451S,Homage HDG-451S 45L Grill Microwave Oven
22385,simple,DW-136-G,Dawlance DW-136-G 20L Grill Microwave Oven
22386,simple,HDG-282B,Homage HDG-282B 28L Grill Microwave Oven
22388,simple,HAIER-HWM 150-316S6,Haier HWM 150-316S6 15KG Automatic Top Load Washing Machine – Starry Silver
22418,simple,12-SVN-AI-CO-31G-S,TCL 1 Ton 12 SVN-AI-CO-31G/S Inverter Cool Only Split Air Conditioner
22419,simple,18-SVN-AI-CO-31G-S,TCL 1.5 Ton 18 SVN-AI-CO-31G/S Inverter Cool Only Split Air Conditioner
22420,simple,24-SVN-AI-CO-31G-S,TCL 2 Ton 24 SVN-AI-CO-31G/S Inverter Cool Only Split Air Conditioner
22444,simple,HRF-458-IPGA,Haier HRF-458 IPGA 16 Cu Ft Green Smart Inverter Refrigerator
22445,simple,9140-WB-AVANTE,Dawlance 9140-WB-AVANTE 8 Cu Ft Non-Inverter Refrigerator
22446,simple,9178-LF-M-CHROME,Dawlance 9178-LF-M 14 Cu Ft Chrome Non-Inverter Refrigerator
22464,simple,47442-GD-MIG,Homage 47442-GD-MIG 13 Cu Ft Inverter Refrigerator
22467,simple,HDF-465-INV,Haier 16 Cu Ft HDF-465 Inverter Deep Freezer
22484,simple,HWM-100-826S6,Haier 10KG HWM 100-826S6 Top Load Fully Automatic Washing Machine
22511,simple,HWD-49320-BLK,Homage Table Top HWD-49320 Water Dispenser (Black)
22512,simple,HDG-282,Homage 28L HDG-282 Grill Microwave Oven
22534,simple,KRF-26757-GD,Kenwood KRF-26757-GD 17 Cu Ft Red Smart Inverter Refrigerator
22535,simple,KRF-26657-GD-MIRROR,Kenwood KRF-26657-GD-MIRROR 18 Cu Ft Inverter Refrigerator
22536,simple,KRF-26657-VCM,Kenwood KRF-26657-VCM 18 Cu Ft Pearl Blue Inverter Refrigerator
22570,simple,HDG-201S,Homage 20L HDG-201S Grill Microwave
22571,simple,DW-393G,Dawlance 23L 393G Heating Microwave Oven
22572,simple,DW-210S,Dawlance 20L 210S Solo White Microwave Oven
22607,simple,DWAF-3374-B,Dawlance 7.6L DWAF-3374 B Air Fryer
22608,simple,D50-20EFG,Midea 50L D50-20EFG Smart Wifi Geyser
22609,simple,HW-49102,Homage 9KG HW-49102 Washing Machine Pearl Black Ecosense
22614,simple,HW80-BP12929S3,Haier HW80-BP12929S3 8KG Front Load Automatic Washing Machine – Star Grey
22628,simple,HOMAGE-HPJ-504A0,Homage HPJ-504A0 4-in-1 Power Juicer Blender Grinder & Chopper – 500W
22647,simple,HMW-30AFR,Haier 30L HMW-30AFR Air Fryer Microwave Oven
22707,simple,9193LF-WHITE,Dawlance 9193LF 16 Cu Ft Avante+ Cloud White Refrigerator
22708,simple,HRF-538-IFGA,HAIER HRF-538 IFGA 20 Cu Ft Green Digital Inverter Refrigerator
22709,simple,HRF-538-IFRA,HAIER HRF-538 IFRA 20 Cu Ft Red Digital Inverter Refrigerator
22710,simple,9160LF-Silver,Dawlance 9160LF 10 Cu Ft Silver Refrigerator
22711,simple,9169WB-Silver,Dawlance 9169WB 11 Cu Ft Silver Refrigerator
22712,simple,9173WB-Red,Dawlance 9173WB 12 Cu Ft Ruby Red Refrigerator
22739,simple,HMW-20DGS,Haier 20L HMW-20DGS Grill Microwave
22740,simple,HGL-30100,Haier 30L HGL-30100 Convection Oven
22741,simple,HMN-62MX80,Haier 62L HMN-62MX80 Solo Microwave
22755,simple,DW-131HP-Sync,Dawlance 30L DW-131 HP Sync Smart Microwave
22756,simple,DW-530-AF,Dawlance 30L DW-530 AF Air Fryer Microwave Owen
22786,simple,HOMAGE-HVF-2601V,Homage HVF-2601V Vertical Freezer
22788,simple,HCJ-090A0,Homage HCJ-090A0 85W Stainless Steel Citrus Juicer
22823,simple,DAWLANCE-DBMO 25,Dawlance DBMO 25 BG Series Built-In Microwave Oven with Grill – 25 Liters
22850,simple,KEN-24B025,Kenwood 2 Ton Luxury Pro 24B02S-T3 Inverter Split Air Conditioner
22851,simple,KEN-24C025,Kenwood 24C02S 2 Ton Glory Ultra Inverter Split Air Conditioner
22880,simple,TCL-18T5-SMT-S,TCL TAC-T5 18T5-SMT-S 1.5 Ton Smart Inverter Split Air Conditioner
22888,simple,TCL-24T5-SMT-S,TCL TAC-24T5-SMT-S 2 Ton Smart Inverter Split Air Conditioner
22905,simple,DW-299-DS,Dawlance DW-299 DS 23L Heating Microwave Oven
22906,simple,DW-162-HZP,Dawlance DW-162 HZP 62L Heating Microwave Oven
22907,simple,DW-133-RG,Dawlance DW-133 RG 30L Grilling Microwave Oven
22928,simple,KLU-12B03S,Kenwood 1 Ton Luxury Ultra KLU-12B03S DC Inverter Heat & Cool Split Air Conditioner
22929,simple,24HRDN1,Midea 2 Ton Xtreme Eco 24HRDN1-T3 DC Inverter Heat & Cool Split Air Conditioner
22930,simple,MSEZ2C-24HRFN1,Midea 2 Ton Xtreme Plus MSEZ2C-24HRFN1 DC Inverter Heat & Cool Split Air Conditioner
22947,simple,HRF-246-IPGA,Haier HRF-246 IPGA 9 Cu Ft Green Smart Inverter Refrigerator
22954,simple,9173WB-Platinum-Silver,Dawlance 9173WB 12 Cu Ft Platinum Silver Inverter Refrigerator
22955,simple,9178LF-Sapphire-Purple,Dawlance 9178LF 14 Cu Ft Sapphire Purple Inverter Refrigerator
22966,simple,DBD-1035-Glass,Dawlance DBD-1035 Glass Door Water Dispenser
22979,simple,GS-18PIT10W-White,Gree 1.5 Ton Pular GS-18PIT10W DC Inverter Split Air Conditioner
22980,simple,24PITH14S-T3-White,Gree 2 Ton Pular 24PITH14S-T3 DC Inverter Heat & Cool Split Air Conditioner
22989,simple,HDI-1201-Light,Homage 1200W HDI-1201 Lightweight Dry Iron
22990,simple,DWSI-2322-CX,Dawlance 1750W DWSI-2322-CX Ceramic Steam Iron
22991,simple,HDI-1202D0-Heavy,Homage 1200W HDI-1202D0 Premium Heavy Duty Iron
23002,simple,DBD-1034-EZ,Dawlance DBD-1034 EZ Glass Door Water Dispenser
23003,simple,YL-2037S-B-Midea,Midea Top Load YL-2037S-B Premium Water Dispenser White/Black
23004,simple,DWHJ-8002-Juicer,Dawlance DWHJ-8002 600W Premium Hard Fruit Juicer
23022,simple,D30-20EFG-30L,Midea 30L D30-20EFG Premium Electric Geyser
23023,simple,HCH-401A0-Chopper,Homage HCH-401A0 400W Premium Food Chopper
23031,simple,12HRDN1-AG2-White,"Midea 1 Ton 12HRDN1 AG2 Fighting Inverter Split Air Conditioner - Heat & Cool, T3 Compressor"
23032,simple,18HRDN1-AG2-White,"Midea 1.5 Ton 18HRDN1 AG2 Fighting Inverter Split Air Conditioner - Heat & Cool, T3 Compressor"
23060,simple,HRF-216EPR,Haier HRF-216EPR 8 Cu Ft Red Glass E-Star Non-Inverter Refrigerator
23061,simple,HRF-246EPB,Haier HRF-246EPB 9 Cu Ft Black Glass E-Star Non-Inverter Refrigerator
23062,simple,HRF-246EPR,Haier HRF-246EPR 9 Cu Ft Red Glass E-Star Non-Inverter Refrigerator
23133,simple,HRF-276EBS,Haier HRF-276EBS 10 Cu Ft Silver E-Star Non-Inverter Refrigerator
23134,simple,HRF-276-IPGA,Haier HRF-276 IPGA 10 Cu Ft Green Smart Inverter Refrigerator
23155,simple,HRF-316-IPRA,Haier HRF-316 IPRA 11 Cu Ft Red Smart Inverter Refrigerator
23156,simple,HRF-346EPR,Haier HRF-346EPR 12 Cu Ft Red Glass E-Star Non-Inverter Refrigerator
23157,simple,HRF-438-IFPA,Haier HRF-438 IFPA 16 Cu Ft Purple Glass Door Digital Inverter Refrigerator
23159,simple,HRF-316-IPGA,Haier HRF-316 IPGA 11 Cu Ft Green Smart Inverter Refrigerator
23245,simple,9106-SD-WHITE,Dawlance 9106-SD 6 Cu Ft White Mini Refrigerator
23246,simple,9149WB-GOLDEN,Dawlance 9149WB 9 Cu Ft Golden Refrigerator
23247,simple,DAWLANCE-9169WB-HAIRLINE-BLACK,Dawlance 9169WB 11 Cu Ft Chrome Hairline Black Double Door Non Inverter Refrigerator
23294,simple,GW-JL 500FC,Gree GW-JL500FC Three Tap Water Dispenser with Refrigerator Cabinet
23314,simple,DAWLANCE-9193LF-IOT-SILKY-RED,Dawlance 9193LF 16 Cu Ft Avante+ IoT Silky Red Inverter Double Door Refrigerator
23325,simple,HMW-30AFS 30L,Haier HMW-30AFS 30L Convection Microwave Oven with Air Fryer
23330,simple,HWM-80-60-1,Haier HWM 80-60 Semi-Automatic Single Tub Washing Machine – 8 KG
23332,simple,9178LF-ACCE-CORAL,Dawlance 9178LF-ACCE 14 Cu Ft Coral Red Non-Inverter Double Door Refrigerator
23353,simple,DAWLANCE-9178LF-DIAMOND-RED,Dawlance 9178LF 14 Cu Ft Avante Diamond Red Non Inverter Double Door Refrigerator
23373,simple,DAWLANCE-9178LF-CLOUD-WHITE,Dawlance 9178LF 14 Cu Ft Avante+ Cloud White Inverter Double Door Refrigerator
23377,simple,HRF-418-IPRA,Haier HRF-418 IPRA 15 Cu Ft Red Smart Inverter Refrigerator
23391,simple,GLAMOUR-INVERTER-45-FS,Dawlance 45 FS Glamour Inverter Floor Standing Heat & Cool Air Conditioner
23406,simple,DAWLANCE-DSD4890-SILVER,Dawlance DSD 4890 Silver Single Door Non-Inverter Refrigerator
23421,simple,DAWLANCE-9173-GRAZE-GEM-BLACK,Dawlance 9173 12 Cu Ft Graze+ Gem Black Glass Door Inverter Refrigerator
23422,simple,DAWLANCE-9149WB-PEARL-RED,Dawlance 9149WB 9 Cu Ft Avante Pearl Red Double Door Non Inverter Refrigerator
23433,simple,HKT-817SSB0,Homage HKT-817SSB0 1.8 Litre Stainless Steel Electric Kettle
23434,simple,HSM-702C0,Homage HSM-702C0 2 Slice Non-Stick Sandwich Maker
23435,simple,HHM-302A0,Homage HHM-302A0 300W 5 Speed Hand Mixer
23436,simple,HTB-603A0,Homage HTB-603A0 600W 1.5 Litre Table Blender
23446,simple,GN-5024-21,Gaba National GN-5024-21 500W Electric Food Chopper
23447,simple,GNW-92020,Gaba National GNW-92020 2.5 Kg Single Tub Baby Washing Machine
23448,simple,GN-261-21,Gaba National GN-261/21 1500W Single Burner Electric Hot Plate
23449,simple,GND-0319,Gaba National GND-0319 Table Top Hot and Cold Water Dispenser
23452,simple,HD9270-90,Philips HD9270/90 6.2L XL Essential Rapid Air Fryer
23471,simple,DWT-1006,Dawlance DWT 1006 Mystic Grey Top Load Washing Machine
23479,simple,,Dawlance Glamour Inverter 45 FS Floor Standing Air Conditioner – Heat & Cool
23966,simple,DW 255 ES,Dawlance DW 255 ES Top Load Automatic Washing Machine
23967,simple,DW6570 GB,Dawlance DW6570 GB 8 Kg Twin Tub Semi Automatic Washing Machine
24154,simple,WF-1153,WestPoint WF-1153 300ml Deluxe 1500 W Handy Portable Garment Steamer
24155,simple,WF-1157,WestPoint WF-1157 1350ml 1580W Deluxe Garment Steamer
24156,simple,WF-1159,WestPoint WF-1159 2.2L Professional 2600W 2 in 1 Commercial Garment Steamer
24157,simple,WF-5252,WestPoint WF-5252 350 W Deluxe Egg Boiler
24158,simple,WF-714,WestPoint WF-714 Countertop Mineral Water Purifier
24159,simple,WF-1102,WestPoint WF-1102 2.5 l 50W Deluxe Air Purifier
24160,simple,WF-1201,WestPoint WF-1201 300 ml Quiet 25 W Ultrasonic Room Humidifier
24161,simple,WF-1205,WestPoint WF-1205 Deluxe 25 W Ultrasonic Room Humidifier
24162,simple,WF-1206,WestPoint WF-1206 5.3L Deluxe 28 W Ultrasonic Room Humidifier
24163,simple,WF-1845,WestPoint WF-1845 Professional 1000W Juicer Blender 4 in 1
24164,simple,WF-2409,WestPoint WF-2409 1000ml Deluxe 750 W Glass Juicer Blender 3 in 1
24165,simple,WF-8813,WestPoint WF-8813 750W Deluxe Juicer
24166,simple,WF-8823,WestPoint WF-8823 750W Deluxe Juicer
24167,simple,WF-8814,WestPoint WF-8814 Deluxe 750W Juicer Blender 4 in 1
24168,simple,WF-8824,WestPoint WF-8824 Deluxe 750W Juicer Blender 4 in 1
24169,simple,WF-5161,WestPoint WF-5161 500 W Deluxe Juicer
24170,simple,WF-5164,WestPoint WF-5164 1.2L Professional 1000W Deluxe Juicer
24171,simple,WF-5165,WestPoint WF-5165 Professional 200W Slow Juicer
24172,simple,WF-4259,WestPoint WF-4259 9L 2200W Deluxe Air Fryer
24173,simple,WF-5253,WestPoint WF-5253 6 liter 1900 W Deluxe Air Fryer
24174,simple,WF-5256,WestPoint WF-5256 6 l 1900 W Deluxe Air Fryer
24175,simple,WF-7259,WestPoint WF-7259 9.0L 2200W Deluxe Air Fryer Double Heater
24176,simple,WF-410,WestPoint WF-410 1 Liter Deluxe 2200W Cordless Electric Kettle
24177,simple,WF-411,WestPoint WF-411 1 Liter Deluxe 2200W Cordless Electric Kettle
24178,simple,WF-3117,WestPoint WF-3117 1850 W Cordless Electric Kettle
24179,simple,WF-3118,WestPoint WF-3118 1850 W Cordless Electric Kettle
24180,simple,WF-3119,WestPoint WF-3119 6.5 L Deluxe 1700 W Cordless Electric Kettle
24181,simple,WF-8266,WestPoint WF-8266 1.7 Liter Deluxe 2200W Cordless Electric Kettle
24182,simple,WF-8267,WestPoint WF-8267 Deluxe 2200 W Cordless Electric Kettle
24183,simple,WF-8269,WestPoint WF-8269 1.7 Liter Deluxe 2200W Cordless Electric Kettle
24184,simple,WF-8270,WestPoint WF-8270 Professional 2200 W Cordless Electric Kettle
24185,simple,WF-6171,WestPoint WF-6171 2 Liter Deluxe 2200 W Cordless Electric Kettle
24186,simple,WF-6172,WestPoint WF-6172 1.8 Liter Deluxe 2200 W Cordless Electric Kettle
24187,simple,WF-6173,WestPoint WF-6173 1.8 Liter Deluxe 2200 W Cordless Electric Kettle
24188,simple,WF-6175,WestPoint WF-6175 1.8 Liter Deluxe 1000 W Multi-Function Electric Kettle
24189,simple,WF-6275,WestPoint WF-6275 1.8 Liter Deluxe 1000 W Multi-Function Electric Kettle
24190,simple,WF-7006,WestPoint WF-7006 180 KG Digital Bathroom Scale
24191,simple,WF-7007,WestPoint WF-7007 180 kg Deluxe Digital Bathroom Scale
24192,simple,WF-7008,WestPoint WF-7008 180 kg Deluxe Digital Bathroom Scale
24193,simple,WF-7009,WestPoint WF-7009 180 kg Deluxe Digital Bathroom Scale
24194,simple,WF-8605,WestPoint WF-8605 136 kg Deluxe Bathroom Weight Scale
24195,simple,WF-8607,WestPoint WF-8607 180 kg Deluxe Bathroom Weight Scale
24196,simple,WF-7010,WestPoint WF-7010 180 kg Deluxe Digital Bathroom Scale
24197,simple,WF-78B,WestPoint WF-78B Deluxe 1000 W Heavyweight Dry Iron
24198,simple,WF-80B,WestPoint WF-80B Deluxe 1000 W Heavyweight Dry Iron
24199,simple,WF-81B,WestPoint WF-81B Deluxe 1000 W Heavyweight Dry Iron
24200,simple,WF-84B,WestPoint WF-84B Deluxe 1000 W Heavyweight Dry Iron
24201,simple,WF-85B,WestPoint WF-85B Deluxe 1000W Heavyweight Dry Iron
24202,simple,WF-86B,WestPoint WF-86B Deluxe 1200 W Heavyweight Dry Iron
24203,simple,WF-2386,WestPoint WF-2386 Deluxe 1200 W Heavyweight Dry Iron
24204,simple,WF-2432,WestPoint WF-2432 Deluxe 1200 W Heavyweight Dry Iron
24205,simple,WF-2430,WestPoint WF-2430 1200 W Deluxe Dry Iron
24206,simple,WF-2431,WestPoint WF-2431 1200 W Deluxe Dry Iron
24207,simple,WF-2064,WestPoint WF-2064 180ml 2000 W Deluxe Garment Steam Iron
24208,simple,WF-2065,WestPoint WF-2065 180ml 2000 W Deluxe Garment Steam Iron
24209,simple,WF-718,WestPoint WF-718 Deluxe 350 W Blender & Dry Mill 2 in 1
24210,simple,WF-7181,WestPoint WF-7181 Deluxe 350 W Blender & Dry Mill 2 in 1
24211,simple,WF-738,WestPoint WF-738 1.5L Deluxe 1 W Blender & Grinder 3 in 1
24212,simple,WF-7381,WestPoint WF-7381 1.5L Deluxe 1 W Blender & Grinder 3 in 1
24213,simple,WF-929,WestPoint WF-929 Deluxe 350 W Blender & Dry Mill 2 in 1
24214,simple,WF-9291,WestPoint WF-9291 Deluxe 1 W Blender & Dry Mill 2 in 1
24215,simple,WF-949,WestPoint WF-949 350 W Blender & Grinder 3 in 1
24216,simple,WF-9491,WestPoint WF-9491 350 W Blender & Grinder 3 in 1
24217,simple,WF-301,WestPoint WF-301 Deluxe 450 W Blender & Grinder 3 in 1
24218,simple,WF-302,WestPoint WF-302 Deluxe 450 W Blender & Grinder 3 in 1
24219,simple,WF-303,WestPoint WF-303 Deluxe 450 W Blender & Grinder 3 in 1
24220,simple,WF-304,WestPoint WF-304 Deluxe 450 W Blender & Grinder 3 in 1
24221,simple,WF-307,WestPoint WF-307 Deluxe 450 W Blender & Grinder 3 in 1
24222,simple,WF-308,WestPoint WF-308 Deluxe 450 W Blender & Grinder 3 in 1
24223,simple,WF-3321,WestPoint WF-3321 Deluxe 350W Blender & Dry Mill 2 in 1
24224,simple,WF-3331,WestPoint WF-3331 Deluxe 350W Blender & Grinder 3 in 1
24225,simple,WF-372,WestPoint WF-372 1.5L Professional 800 W Blender & Dry Mill 2 in 1
24226,simple,WF-373,WestPoint WF-373 1.5L Professional 800 W Electric Coffee Grinder
24227,simple,WF-448,WestPoint WF-448 3000mL Commercial 1500W Deluxe Blender
24228,simple,WF-449,WestPoint WF-449 Deluxe 1500W Nutri Smoothy Blender
24229,simple,WF-364,WestPoint WF-364 1.5 Liter 800 W Blender & Dry Mill 2 in 1
24230,simple,WF-9224,WestPoint WF-9224 Commercial 220 W Electric Coffee Grinder
24231,simple,WF-2803,WestPoint WF-2803 1750 ml Professional 600 W Food Processor 9 in 1
24232,simple,WF-2804,WestPoint WF-2804 1750 ml Professional 450 W Food Processor 9 in 1
24233,simple,WF-3804,WestPoint WF-3804 1750 ml Professional 450 W Food Processor 9 in 1
24234,simple,WF-1844,WestPoint WF-1844 1.5 L Professional 600 W Juicer Blender 3 in 1
24235,simple,WF-1847,WestPoint WF-1847 1.2L Professional 1000W Deluxe Food Processor
24236,simple,WF-1860,WestPoint WF-1860 Food Processor Unbreakable Jug
24237,simple,WF-4805,WestPoint WF-4805 1750 ml 450 W Food Processor Unbreakable Jug
24238,simple,WF-4806,WestPoint WF-4806 1500 ml Professional 450 W Food Processor Unbreakable Jug
24239,simple,WF-5805,WestPoint WF-5805 1750 ml Deluxe 450 W Food Processor Unbreakable Jug
24240,simple,WF-5806,WestPoint WF-5806 1500 ml Professional 450 W Food Processor Unbreakable Jug
24241,simple,WF-7805,WestPoint WF-7805 1750 ml 450 W Food Processor Unbreakable Jug
24242,simple,WF-7806,WestPoint WF-7806 1750 ml 450 W Food Processor Unbreakable Jug
24243,simple,WF-8815,WestPoint WF-8815 Professional 700 W Deluxe Food Processor
24244,simple,WF-8819,WestPoint WF-8819 1100 W RoboMax Food Processor
24245,simple,WF-9301,WestPoint WF-9301 400 W Deluxe Hand Mixer
24246,simple,WF-9401,WestPoint WF-9401 200W Deluxe Hand Mixer
24247,simple,WF-9501,WestPoint WF-9501 Deluxe 250 W Stainless Steel Hand Mixer
24248,simple,WF-9601,WestPoint WF-9601 Turbo 200 W Stainless Steel Hand Mixer
24249,simple,WF-9701,WestPoint WF-9701 400 W Deluxe Hand Mixer
24250,simple,WF-9802,WestPoint WF-9802 400 W Deluxe Hand Mixer
24251,simple,WF-9806,WestPoint WF-9806 Deluxe 500 W Stainless Steel Hand Mixer
24252,simple,WF-9807,WestPoint WF-9807 Deluxe 500 W Stainless Steel Hand Mixer
24253,simple,WF-9915,WestPoint WF-9915 700ml Deluxe 800 W Hand Blender 2 in 1
24254,simple,WF-9916,WestPoint WF-9916 700ml Deluxe 1000 W Hand Blender Set 3 in 1
24255,simple,WF-9801,WestPoint WF-9801 Deluxe 400 W Stainless Steel Hand Mixer
24256,simple,WF-9805,WestPoint WF-9805 Deluxe 400 W Stainless Steel Hand Mixer
24257,simple,WF-9814,WestPoint WF-9814 1000ml 600 W Deluxe Hand Blender
24258,simple,WF-9815,WestPoint WF-9815 1000ml 600 W Deluxe Hand Blender
24259,simple,WF-9816,WestPoint WF-9816 1000ml 600 W Deluxe Hand Blender
24260,simple,WF-9826,WestPoint WF-9826 4L 500W Deluxe Stand Mixer
24261,simple,WF-9827,WestPoint WF-9827 4L 500W Deluxe Stand Mixer
24262,simple,WF-9934,WestPoint WF-9934 1000W Deluxe Hand Blender
24263,simple,WF-9935,WestPoint WF-9935 Deluxe 1000W Hand Blender 2 in 1
24264,simple,WF-9936,WestPoint WF-9936 1000W Deluxe Hand Mixer
24265,simple,WF-9714,WestPoint WF-9714 800ml Professional 600 W Deluxe Hand Blender
24266,simple,WF-9715,WestPoint WF-9715 800ml Professional 600 W Stainless Steel Hand Mixer
24267,simple,WF-9214,WestPoint WF-9214 700ml 600 W Deluxe Hand Blender
24268,simple,WF-9215,WestPoint WF-9215 700ml Deluxe 600 W Stainless Steel Hand Mixer
24269,simple,WF-9216,WestPoint WF-9216 700ml Deluxe 600 W Hand Blender Set 3 in 1
24270,simple,WF-4616,WestPoint WF-4616 4.3L 1000W Deluxe Stand Mixer
24271,simple,WF-4627B,WestPoint WF-4627B 1.0L Deluxe 1500W Professional Stand Mixer
24272,simple,WF-3616,WestPoint WF-3616 5 Liter 500W Deluxe Dough Maker
24273,simple,WF-4636,WestPoint WF-4636 7.0L 1500W Professional Stand Mixer
24274,simple,WF-4646,WestPoint WF-4646 7.0L 1500W Professional Stand Mixer
24275,simple,WF-4711,WestPoint WF-4711 Deluxe 1800 W Convection Rotisserie Oven
24276,simple,WF-7500,WestPoint WF-7500 Professional 2200 W Convection Rotisserie Oven
24277,simple,WF-5500,WestPoint WF-5500 Professional 1800W Convection Rotisserie Oven
24278,simple,WF-4500,WestPoint WF-4500 Professional 1800 W Convection Rotisserie Oven
24279,simple,WF-6300,WestPoint WF-6300 Professional 2200 W Convection Rotisserie Oven
24280,simple,WF-545,WestPoint WF-545 1 Liter 40 W Citrus Juicer
24281,simple,WF-550,WestPoint WF-550 1.5 Liter 40 W Citrus Juicer
24282,simple,WF-553,WestPoint WF-553 Deluxe 80 W Citrus Juicer
24283,simple,WF-546,WestPoint WF-546 600ml 25 W Citrus Juicer
24284,simple,WF-554,WestPoint WF-554 Deluxe 85 W Citrus Juicer
24285,simple,WF-636,WestPoint WF-636 700 W Deluxe Sandwich Toaster
24286,simple,WF-637,WestPoint WF-637 700 W Deluxe Sandwich Toaster
24287,simple,WF-638,WestPoint WF-638 700 W Deluxe Sandwich Toaster
24288,simple,WF-639,WestPoint WF-639 Deluxe 700 WATTS Sandwich Toaster
24289,simple,WF-640,WestPoint WF-640 800 W Deluxe Sandwich Toaster
24290,simple,WF-643,WestPoint WF-643 750 W Deluxe Sandwich Toaster
24291,simple,WF-671,WestPoint WF-671 800 W Deluxe Sandwich Toaster
24292,simple,WF-6696,WestPoint WF-6696 750 W Deluxe Sandwich Toaster
24293,simple,WF-6697,WestPoint WF-6697 1000 W Deluxe Sandwich Toaster
24294,simple,WF-6686,WestPoint WF-6686 800 W Deluxe Sandwich Toaster
24295,simple,WF-6393,WestPoint WF-6393 Deluxe 1000W Sandwich Toaster 3 in 1
24296,simple,WF-152,WestPoint WF-152 Professional 2000 W Induction Cooker
24297,simple,WF-7112,WestPoint WF-7112 15 W Deluxe Insect Killer
24298,simple,WF-5112,WestPoint WF-5112 15 W Deluxe Insect Killer
24299,simple,WF-5115,WestPoint WF-5115 Deluxe Insect Killer
24300,simple,WF-1090,WestPoint WF-1090 Professional 800 W Deluxe Electric Chopper
24301,simple,WF-496C,WestPoint WF-496C Deluxe 500 W Chopper & Vegetable Cutter
24302,simple,WF-497C,WestPoint WF-497C 1500 W Chopper & Vegetable Cutter
24303,simple,WF-4981,WestPoint WF-4981 Professional 800 W Deluxe Blender
24304,simple,WF-441,WestPoint WF-441 550 W Deluxe Blender
24305,simple,WF-443,WestPoint WF-443 550 W Deluxe Blender
24306,simple,WF-445,WestPoint WF-445 Professional 800 W Deluxe Blender
24307,simple,WF-393,WestPoint WF-393 2 Liter 900 W Deluxe Food Processor
24308,simple,WF-501,WestPoint WF-501 1200ML Deluxe 600 W Kitchen Robot Food Processor
24309,simple,WF-502,WestPoint WF-502 Deluxe 700 W Kitchen Robot Food Processor
24310,simple,WF-503,WestPoint WF-503 1.8L Deluxe 800 W Kitchen Robot Food Processor
24311,simple,WF-504,WestPoint WF-504 1200ML Deluxe 500 W Kitchen Robot Food Processor
24312,simple,WF-505,WestPoint WF-505 Professional 800 W Kitchen Robot Food Processor
24313,simple,WF-506,WestPoint WF-506 Deluxe 800 W Kitchen Robot Food Processor
24314,simple,WF-495C,WestPoint WF-495C 500 W Chopper & Vegetable Cutter
24315,simple,WF-3469,WestPoint WF-3469 25 Liter Professional 2200W Drum Vacuum Cleaner
24316,simple,WF-3569,WestPoint WF-3569 25 Liter Professional 2200W Drum Vacuum Cleaner
24317,simple,WF-822,WestPoint WF-822 1270 W Deluxe Microwave Oven
24318,simple,WF-823,WestPoint WF-823 1270 W Deluxe Microwave Oven
24319,simple,WF-824,WestPoint WF-824 Professional 1270W Deluxe Microwave Oven
24320,simple,WF-825,WestPoint WF-825 20 L 1270 W Microwave Oven with Grill
24321,simple,WF-832,WestPoint WF-832 1250 W Deluxe Appliance
24322,simple,WF-851,WestPoint WF-851 1450 W Deluxe Appliance
24323,simple,WF-853,WestPoint WF-853 Professional 1450W Deluxe Appliance
24324,simple,WF-4307,WestPoint WF-4307 1000W Deluxe Tower Heater
24325,simple,WF-6307,WestPoint WF-6307 1000W Deluxe Tower Heater
24326,simple,WF-1401,WestPoint WF-1401 3.2L 500W Deluxe Water Dispenser
24327,simple,WF-1546,WestPoint WF-1546 Deluxe 70W Ultra Quiet Tower Fan
24328,simple,WF-2538,WestPoint WF-2538 860 W Deluxe Sandwich Toaster
24331,simple,WF-2542,WestPoint WF-2542 860 W Deluxe Sandwich Toaster
24332,simple,WF-2561,WestPoint WF-2561 1050 W Deluxe Sandwich Toaster
24333,simple,WF-2589,WestPoint WF-2589 Professional 870 W Deluxe Sandwich Toaster
24334,simple,WF-2528,WestPoint WF-2528 1400 W Deluxe Sandwich Toaster
24335,simple,WF-2563,WestPoint WF-2563 1400 W Deluxe Sandwich Toaster
24336,simple,WF-F05,WestPoint WF-F05 Manual Potato Fries Cutter
24337,simple,WF-F10,WestPoint WF-F10 Deluxe Quick Manual Chopper
24338,simple,WF-6330,WestPoint WF-6330 30 Liter 1600W Commercial Electric Water Boiler
24339,simple,WF-209,WestPoint WF-209 Deluxe 150W Baby Bottle Warmer
24340,simple,WF-210,WestPoint WF-210 Deluxe 400W Dual Baby Bottle Warmer
24341,simple,WF-329,WestPoint WF-329 Deluxe 500W Baby Bottle Sterilizer
24342,simple,WF-330,WestPoint WF-330 Deluxe 500W Baby Bottle Sterilizer
25792,simple,WF-2540,WestPoint WF-2540 870 W Deluxe Sandwich Toaster
25860,simple,HTW-100-196G,Haier HTW-100-196G 10 KG Twin Tub Semi Automatic Washing Machine
25861,simple,HWM100-1269S2,Haier HWM100-1269S6 10 KG Top Load Automatic Washing Machine
25862,simple,HWM 85-826,Haier HWM 85-826 8.5 KG Top Load Automatic Washing Machine
25863,simple,HWM 90-1708,Haier HWM 90-1708 9 KG Top Load Automatic Washing Machine
25864,simple,HWM 100-316 HS8,Haier HWM 100-316 HS8 10 KG Top Load Automatic Washing Machine
25865,simple,HWM 120-826,Haier HWM 120-826 12 KG Top Load Automatic Washing Machine
25866,simple,HWM 130B-699S8,Haier HWM 130B-699S8 13 KG Top Load Inverter Automatic Washing Machine
25867,simple,HWM150-688S8,Haier HWM150-688S8 15 KG Top Load Automatic Washing Machine
25868,simple,HWM 150B-699S8,Haier HWM 150B-699S8 15 KG Top Load Inverter Automatic Washing Machine
25869,simple,HW90-BP12357S8,Haier HW90-BP12357S8 9 KG Front Load Inverter Automatic Washing Machine
25870,simple,HW100-BP12357S8,Haier HW100-BP12357S8 10 KG Front Load Inverter Automatic Washing Machine
25871,simple,HW120-BP12357S8,Haier HW120-BP12357S8 12 KG Front Load Inverter Automatic Washing Machine
25872,simple,HW 105-BD14376,Haier HW 105-BD14376PGU1 10.5 KG Front Load Automatic Washing Machine
25873,simple,100-AR376PGU1,Haier HD 100-AR376PGU1 10 KG Front Load Automatic Washing Machine
25874,simple,DW-6580 CFL,Dawlance DW-6580 CFL 6.5 KG Twin Tub Semi Automatic Washing Machine
25875,simple,DWT 1580 Inverter C Glow,Dawlance DWT-1580 C-Glow 15 KG Top Load Inverter Automatic Washing Machine
25876,simple,DWT 1776 FLT C Glow,Dawlance DWT 1776 FLT C Glow 17 KG Top Load Automatic Washing Machine
25877,simple,DWF 7310 INV Manhattan Grey,Dawlance DWF 7310 INV 6.5 KG Front Load Inverter Automatic Washing Machine
26009,simple,S5400,"TCL 43"" S5400 Full HD Micro Dimming Smart Led TV"
26010,simple,P6L-55,"TCL 55"" P6L 4K UHD Direct LED Smart Led TV"
26011,simple,P6L-65,"TCL 65"" P6L 4K UHD Direct LED Smart TV"
26031,simple,75 P6L,"TCL 75"" P6L 4K UHD Direct LED Smart Led TV"
26032,simple,43 P79L,"TCL 43"" P79L 4K UHD QLED Smart Led TV"
26033,simple,50 P79L,"TCL 50"" P79L 4K UHD QLED Smart Led TV"
26034,simple,55 P79L,"TCL 55"" P79L 4K UHD QLED Smart Led TV"
26035,simple,65 P79L,"TCL 65"" P79L 4K UHD QLED Smart Led TV"
26049,simple,75 P79L,"TCL 75"" P79L 4K UHD QLED Smart Led TV"
26050,simple,85 P79L,"TCL 85"" P79L 4K UHD QLED Smart Led TV"
26062,simple,43 T6D,"TCL 43"" T6D 4K UHD QLED Smart Led TV"
26063,simple,50 T6D,"TCL 50"" T6D 4K UHD QLED Smart Led TV"
26064,simple,55 T6D,"TCL 55"" T6D 4K UHD QLED Smart Led TV"
26065,simple,65 T6D,"TCL 65"" T6D 4K UHD QLED Smart Led TV"
26066,simple,75 T6D,"TCL 75"" T6D 4K UHD QLED Smart Led TV"
26079,simple,55 P8L,"TCL 55"" P8L 4K UHD QD-Mini LED Smart Led TV"
26080,simple,65 P8L,"TCL 65"" P8L 4K UHD QD-Mini LED Smart Led TV"
26081,simple,75 P8L,"TCL 75"" P8L 4K UHD QD-Mini LED Smart Led TV"
26082,simple,85 P8L,"TCL 85"" P8L 4K UHD QD-Mini LED Smart Led TV"
26083,simple,98 P8L,"TCL 98"" P8L 4K UHD QD-Mini LED Smart Led TV"
26099,simple,50 C6K,"TCL 50"" C6K 4K UHD QLED Pro Smart Led TV"
26100,simple,55 C6K,"TCL 55"" C6K 4K UHD QLED Pro Smart Led TV"
26101,simple,65 C6K,"TCL 65"" C6K 4K UHD QLED Pro Smart Led TV"
26102,simple,75 C6K,"TCL 75"" C6K 4K UHD QLED Pro Smart Led TV"
26103,simple,85 C6K,"TCL 85"" C6K 4K UHD QLED Pro Smart Led TV"
26104,simple,98 C6K,"TCL 98"" C6K 4K UHD QLED Pro Smart Led TV"
26108,simple,65 C7L,"TCL 65"" C7L 4K UHD QD-Mini LED Smart TV"
26109,simple,75 C7L,"TCL 75"" C7L 4K UHD QD-Mini LED Smart Led TV"
26110,simple,85 C7L,"TCL 85"" C7L 4K UHD QD-Mini LED Smart Led TV"
26111,simple,98 C7L,"TCL 98"" C7L 4K UHD QD-Mini LED Smart Led TV"
26124,simple,55 A400 PRO,"TCL 55"" A400 PRO NXTFRAME Art Lifestyle 4K UHD QLED Pro Smart Led TV"
26125,simple,65 A400 PRO,"TCL 65"" A400 PRO NXTFRAME Art Lifestyle 4K UHD QLED Pro Smart Led TV"
26126,simple,75 A400 PRO,"TCL 75"" A400 PRO NXTFRAME Art Lifestyle 4K UHD QLED Pro Smart Led TV"
26135,simple,43 T6C,"TCL 43"" T6C Mid-Range QLED 4K Smart Led TV"
26136,simple,85 C7K,"TCL 85"" C7K Premium QD-Mini LED Smart Led TV"
26137,simple,65 C645,"TCL 65"" C645 Mid-Range QLED Smart Led TV"
26138,simple,65 C835,"TCL 65"" C835 Premium Mini LED Smart Led TV"
26139,simple,75 C655,"TCL 75"" C655 QLED Pro 4K Smart Led TV"
26225,simple,H32S80GFX-32,"Haier 32"" H32S80GFX Full HD Smart LED Google TV"
26226,simple,H65S80EUX-65,"Haier 65"" H65S80EUX 4K UHD Smart LED Google TV"
26227,simple,H75S80EUX-75,"Haier 75"" H75S80EUX 4K UHD Smart LED Google TV"
26240,simple,H98S90EUX,"Haier 98"" H98S90EUX 4K UHD Smart LED Google TV"
26241,simple,H55S900UX,"Haier 55"" H55S900UX 4K UHD Smart LED Google TV"
27118,simple,AG-01,Anex AG-01 Deluxe Handy Pull Chopper
27119,simple,AG-04,Anex AG-04 Handy Potato Cutter
27120,simple,AG-08,Anex AG-08 Manual Multi Wonder (5 BLADES)
27121,simple,AG-10,Anex AG-10 Handy Chopper with 10 Functions
27122,simple,AG-11,Anex AG-11 Handy 3L Pull Chopper - 2200W
27123,simple,AG-12,Anex AG-12 Deluxe Handy Food Processor - 300W
27124,simple,AG-15,Anex AG-15 Deluxe Manual Vegetable Slicer
27125,simple,AG-17,Anex AG-17 Deluxe Vegetable & Food Slicer
27126,simple,AG-390Ex,Anex AG-390 Deluxe Egg Beater - 250W
27127,simple,AG-392,Anex AG-392 Deluxe Hand Mixer - 250W
27128,simple,AG-398,Anex AG-398 Deluxe Hand Mixer & Blender - 300W
27129,simple,AG-399,Anex AG-399 Deluxe Hand Mixer - 250W
27130,simple,AG-121,Anex AG-121 Deluxe Hand Blender - 300W
27131,simple,AG-122,Anex AG-122 Deluxe Hand Blender - 600W
27132,simple,AG-126,Anex AG-126 Deluxe Hand Blender with Beater (New) - 300W
27133,simple,AG-128,Anex AG-128 Deluxe Hand Blender - 800W
27134,simple,AG-129,Anex AG-129 Deluxe Hand Blender with Beater - 800W
27135,simple,AG-130,Anex AG-130 Deluxe Hand Blender and Beater and Chopper - 800W
27136,simple,AG-140,Anex AG-140 Deluxe Hand Blender and Beater and Chopper - 300W
27137,simple,AG-141,Anex AG-141 Deluxe Hand Blender With Titanium Blade - 500W
27138,simple,AG-142,Anex AG-142 Deluxe Hand Blender with Beater - 500W
27139,simple,AG-143,Anex AG-143 Deluxe Hand Blender with Beater & Chopper - 500W
27140,simple,AG-145,Anex AG-145 Deluxe Hand Blender With Titanium Blade - 1000W
27141,simple,AG-144,Anex AG-144 Deluxe Hand Blender With Milk Frother - 1000W
27142,simple,AG-644,Anex AG-644 Deluxe Grinder (Wet & Dry) - 380W
27143,simple,AG-645,Anex AG-645 Deluxe Grinder (Wet & Dry) - 380W
27144,simple,AG-646,Anex AG-646 Deluxe Grinder - 380W
27145,simple,AG-647,Anex AG-647 Deluxe Grinder (Wet & Dry) - 250W
27146,simple,AG-650,Anex AG-650 Deluxe Grinder - 200W
27147,simple,AG-648,Anex AG-648 Deluxe Grinder (Stainless Steel) - 250W
27148,simple,AG-649,Anex AG-649 Deluxe 2 in 1 Grinder (Wet & Dry) - 250W
27149,simple,AG-690UB,Anex AG-690UB Deluxe Unbreakable 2 in 1 Blender - 300W
27150,simple,AG-695UB,Anex AG-695UB Deluxe Unbreakable 3 in 1 Blender - 300W
27151,simple,AG-697UB,Anex AG-697UB Deluxe Unbreakable 2 in 1 Blender - 300W
27152,simple,AG-699UB,Anex AG-699UB Deluxe Unbreakable 3 in 1 Blender - 300W
27153,simple,AG-6043,Anex AG-6043 Deluxe 2 in 1 Blender and Grinder - 300W
27154,simple,AG-6044,Anex AG-6044 Deluxe 3 in 1 Blender and Grinder - 300W
27155,simple,AG-6045,Anex AG-6045 Deluxe 2 in 1 1.5L Blender and Grinder - 600W
27156,simple,AG-6046,Anex AG-6046 Deluxe 3 in 1 Blender and Grinder - 600W
27157,simple,AG-6130,Anex AG-6130 Deluxe 2 in 1 1.5L Stainless Steel Body Glass Jug & Grinder - 600W
27158,simple,AG-6133,Anex AG-6133 Deluxe 3 in 1 1.5L Stainless Steel Body Stainless Steel Jug & Grinder - 600W
27159,simple,AG-6134UB,Anex AG-6134UB Deluxe 2 in 1 1.5L Jug & Grinder - 500W
27160,simple,AG-6135UB,Anex AG-6135UB Deluxe 3 in 1 1.5L Jug & Grinder - 500W
27161,simple,AG-6136,Anex AG-6136 Deluxe 2 in 1 1.5L Blender and Grinder - 500W
27162,simple,AG-6137,Anex AG-6137 Deluxe 3 in 1 Blender and Grinder - 500W
27163,simple,AG-6138,Anex AG-6138 Deluxe 2 in 1 1.5L Stainless Steel Jug & Grinder - 600W
27164,simple,AG-6139,Anex AG-6139 Deluxe 3 in 1 1.5L Stainless Steel Jug & Grinder - 600W
27165,simple,AG-3043,Anex AG-3043 4L Food Chopper - 400W
27166,simple,AG-3048,Anex AG-3048 Deluxe Big Chopper with Vegetable Cutter - 500W
27167,simple,AG-3049ss,Anex AG-3049SS Big Chopper with Vegetable Cutter
27168,simple,AG-3052,Anex AG-3052 7 in 1 2L Big Chopper - 700W
27169,simple,AG-3054,Anex AG-3054 Digital 7 in 1 2L Big Chopper - 700W
27170,simple,AG-3055,Anex AG-3055 Deluxe Chopper with Glass Bowl - 300W
27171,simple,AG-3058,Anex AG-3058 Deluxe Super Big Chopper with Extra Bowl (w) - 500W
27172,simple,AG-3059,Anex AG-3059 Deluxe Big Chopper with Extra Bowl (b) - 500W
27173,simple,AG-1041,Anex AG-1041 Food Processor
27174,simple,AG-1141,Anex AG-1141 Kitchen Chef - 500W
27175,simple,AG-2048,Anex AG-2048 Super Meat Grinder (Mincer) - 1200W
27176,simple,AG-2049,Anex AG-2049 Super Meat Grinder & Vegetable Cutter - 1200W
27177,simple,AG-3060,Anex AG-3060 Deluxe Meat Grinder - 1200W
27178,simple,AG-2142,Anex AG-2142 Deluxe Electric BBQ Grill - 2000W
27179,simple,AG-2146UB,Anex AG-2146UB Deluxe Kitchen Robot - 800W
27180,simple,AG-2146EX,Anex AG-2146EX Deluxe 1.25L Kitchen Robot - 380W
27181,simple,AG-2150Ex,Anex AG-2150 Deluxe Kitchen Robot - 450W
27182,simple,AG-3140,Anex AG-3140 Deluxe 1.2L Chopper with Vegetable Cutter - 500W
27183,simple,AG-3141,Anex AG-3141 Deluxe Chopper with Vegetable Cutter - 800W
27184,simple,AG-3142,Anex AG-3142 Deluxe 1.2L Chopper with Vegetable Cutter - 500W
27185,simple,AG-3143,Anex AG-3143 1.2L Chopper with Vegetable Cutter - 800W
27186,simple,AG-3144,Anex AG-3144 Deluxe 1.2L Chopper with Vegetable Cutter - 800W
27187,simple,AG-3145,Anex AG-3145 Deluxe Chopper Blender with Vegetable Cutter - 800W
27188,simple,AG-3146,Anex AG-3146 Deluxe Chopper Blender with Vegetable Cutter
27189,simple,AG-3147,Anex AG-3147 9 in 1 2L Big Chopper - 700W
27190,simple,AG-3148,Anex AG-3148 Digital 9 in 1 Big Chopper - 700W
27191,simple,AG-3150,Anex AG-3150 Deluxe Kitchen Robot - 700W
27192,simple,AG-3151,Anex AG-3151 Deluxe Kitchen Robot - 700W
27193,simple,AG-3152,Anex AG-3152 Deluxe 2.5L Kitchen Robot - 900W
27194,simple,AG-3153,Anex AG-3153 Deluxe Kitchen Robot Titanium Blade - 450W
27195,simple,AG-3156,Anex AG-3156 Food Processor - 1100W
27196,simple,AG-3157,Anex AG-3157 Food Processor With Juicer - 1100W
27197,simple,AG-3159,Anex AG-3159 Deluxe 1.8L Kitchen Robot - 1200W
27198,simple,AG-3004,Anex AG-3004 Deluxe 2 Slice Toaster - 930W
27199,simple,AG-3005,Anex AG-3005 Deluxe 4 Slice Toaster Full Stainless Steel - 1550W
27200,simple,AG-3006,Anex AG-3006 Deluxe 2 Slice Toaster - 870W
27201,simple,AG-3007,Anex AG-3007 Deluxe 4 Slice Toaster Stainless Steel+Plastic - 1550W
27202,simple,AG-3008,Anex AG-3008 Deluxe 2 Slice Toaster - 1050W
27203,simple,AG-3009,Anex AG-3009 Deluxe 4 Slice Toaster - 2300W
27204,simple,AG-3017,Anex AG-3017 Deluxe 2 Slice Toaster Cool Touch - 870W
27205,simple,AG-3018,Anex AG-3018 Deluxe 2 Slice Toaster - 870W
27206,simple,AG-3019,Anex AG-3019 Deluxe 2 Slice Toaster - 870W
27207,simple,AG-1035,Anex AG-1035 Deluxe Sandwich White/Black - 750W
27208,simple,AG-1037C,Anex AG-1037C Deluxe Sandwich Maker - 750W
27209,simple,AG-2040,Anex AG-2040 Deluxe Sandwich Maker - 750W
27210,simple,AG-2045,Anex AG-2045 Deluxe Sandwich Maker - 750W
27211,simple,AG-2046,Anex AG-2046 Deluxe Sandwich Maker
27212,simple,AG-2047,Anex AG-2047 Deluxe 3 in 1 Sandwich Maker
27213,simple,AG-2036,Anex AG-2036 Deluxe Sandwich Maker - 900W
27214,simple,AG-1039C,Anex AG-1039C Deluxe Sandwich and Waffle and Grill - 750W
27215,simple,AG-2039C,Anex AG-2039C Deluxe 3 in 1 Sandwich Maker - 750W
27216,simple,AG-2131,Anex AG-2131 Deluxe Sandwich Maker - 750W
27217,simple,AG-2132,Anex AG-2132 Deluxe Sandwich Maker - 1000W
27218,simple,AG-2137,Anex AG-2137 Deluxe Sandwich Maker - 1400W
27219,simple,AG-2138,Anex AG-2138 Deluxe 3 in 1 Sandwich and Waffle and Grill - 750W
27220,simple,AG-2139,Anex AG-2139 Deluxe 3 in 1 Sandwich and Waffle and Grill - 750W
27221,simple,AG-3130,Anex AG-3130 Deluxe Sandwich Maker - 750W
27222,simple,AG-76,Anex AG-76 Deluxe Juicer - 600W
27223,simple,AG-77,Anex AG-77 Deluxe Juicer - 600W
27224,simple,AG-78,Anex AG-78 Deluxe Juicer - 600W
27225,simple,AG-89,Anex AG-89 Deluxe 1.5L Juicer - 800W
27226,simple,AG-90,Anex AG-90 3.2L Juicer - 600W
27227,simple,AG-91,Anex AG-91 Deluxe Juicer Stainless Steel Body - 600W
27228,simple,AG-92,Anex AG-92 Deluxe 1.5L Juicer Stainless Steel Body - 500W
27229,simple,AG-95,Anex AG-95 Deluxe Digital Single Juicer With Panel - 600W
27230,simple,AG-175GL,Anex AG-175GL Deluxe Juicer Blender Grinder - 600W
27231,simple,AG-177GL,Anex AG-177GL Deluxe Juicer. Blender and Grinder - 600W
27232,simple,AG-178GL,Anex AG-178GL Deluxe Juicer and Blender and Grinder - 600W
27233,simple,AG-179GL,Anex AG-179GL Deluxe Juicer and Blender and Grinder - 600W
27234,simple,AG-182GL,Anex AG-182GL Deluxe Juicer and Blender and Grinder
27235,simple,AG-180GL,Anex AG-180GL Deluxe Juicer and Blender and Grinder - 600W
27236,simple,AG-181,Anex AG-181 Deluxe Juicer and Blender and Grinder Stainless Steel - 600W
27237,simple,AG-184GL,Anex AG-184GL Deluxe Juicer and Blender and Grinder and Chopp - 700W
27238,simple,AG-188GL,Anex AG-188GL Deluxe Juicer and Blender and Grinder and Wet Gr - 800W
27239,simple,AG-189,Anex AG-189 Deluxe Juicer and Blender and Grinder - 600W
27240,simple,AG-190,Anex AG-190 Deluxe 3 in 1 Juicer and Blender and Grinder - 600W
27241,simple,AG-191,Anex AG-191 Deluxe 4 in 1 Juicer and Blender. Grinder - 600W
27242,simple,AG-192,Anex AG-192 Deluxe 1.5L Juicer and Blender and Grinder - 500W
27243,simple,AG-195,Anex AG-195 Deluxe Digital Juicer Blender Grinder - 600W
27244,simple,AG-2012,Anex AG-2012 Deluxe 2.5L Deep Fryer - 1800W
27245,simple,AG-2014,Anex AG-2014 2.5L Deep Fryer - 1800W
27246,simple,AG-2016,Anex AG-2016 Deluxe 6.5L Air Fryer - 1600W
27247,simple,AG-2017,Anex AG-2017 Deluxe 8L Air Fryer - 1800W
27248,simple,AG-2019,Anex AG-2019 Deluxe Air Fryer - 1400W
27249,simple,AG-2022,Anex AG-2022 4L Multi Cooker - 1350W
27250,simple,AG-2188,Anex AG-2188 8L Multi Pressure Cooker - 1000W
27251,simple,AG-2024,Anex AG-2024 Deluxe Digital 8L Air Fryer Up & Down Elements - 1800W
27252,simple,AG-2121,Anex AG-2121 Deluxe Air Fryer With Oven - 1200W
27253,simple,AG-2123,Anex AG-2123 Deluxe Air Fryer With Oven Rotessori - 1200W
27254,simple,AG-2126,Anex AG-2126 Deluxe Digital 8L Air Fryer Up & Down Elements - 2200W
27255,simple,AG-2029,Anex AG-2029 Deluxe Roti Maker - 1200W
27256,simple,AG-2030,Anex AG-2030 Deluxe Roti Maker - 1200W
27257,simple,AG-2021,Anex AG-2021 Deluxe 1.8L Rice Cooker - 900W
27258,simple,AG-2023,Anex AG-2023 Deluxe 2.2L Rice Cooker With Steamer - 900W
27259,simple,AG-2127,Anex AG-2127 Deluxe 5L Dough Maker - 500W
27260,simple,AG-2093,Anex AG-2093 Deluxe 2 in 1 4.5L Vacuum Cleaner - 1500W
27261,simple,AG-2097,Anex AG-2097 Deluxe 2 in 1 Vacuum Cleaner - 1500W
27262,simple,AG-2098,Anex AG-2098 Deluxe 2 in 1 Vacuum Cleaner - 1500W
27263,simple,AG-2099,Anex AG-2099 Deluxe 3 in 1 Vacuum Cleaner - 1500W
27264,simple,AG-2199,Anex AG-2199 Deluxe 2 in 1 Vacuum Cleaner - 1600W
27265,simple,AG-5014,Anex AG-5014 Deluxe Ceramic Fan Heater - 2000W
27266,simple,AG-5015,Anex AG-5015 Deluxe Ceramic Fan Heater - 2000W
27267,simple,AG-5016,Anex AG-5016 Ceramic Fan Heater - 2000W
27268,simple,AG-5017,Anex AG-5017 Ceramic Fan Heater with Remote - 2000W
27269,simple,AG-3039,Anex AG-3039 Deluxe Sun Heater - 1000W
27270,simple,AG-9086,Anex AG-9086 3L Fan Air Cooler with Remote Control
27271,simple,AG-9087,Anex AG-9087 Deluxe Tower Fan Air Cooler
27272,simple,AG-2154,Anex AG-2154 Deluxe 0.85L Citrus Juicer
27273,simple,AG-2054,Anex AG-2054 Deluxe Citrus Juicer (40 W)
27274,simple,AG-2055,Anex AG-2055 Deluxe Citrus Juicer (40 W)
27275,simple,AG-2058,Anex AG-2058 Deluxe Citrus Juicer
27276,simple,AG-2158,Anex AG-2158 Deluxe Citrus Juicer - 160W
27277,simple,AG-2074,Anex AG-2074 Deluxe Dry Iron - 1300W
27278,simple,AG-2078,Anex AG-2078 Deluxe Dry Iron With Spray - 1300W
27279,simple,AG-1072,Anex AG-1072 Deluxe Dry Iron - 1000W
27280,simple,AG-662,Anex AG-662 Deluxe Middle Weight Iron - 1000W
27281,simple,AG-1076B,Anex AG-1076B Deluxe 6L Dry Iron - 1000W
27282,simple,AG-1079B,Anex AG-1079B Deluxe 6L Dry Iron - 1000W
27283,simple,AG-2079B,Anex AG-2079B Deluxe 6L Dry Iron - 1000W
27284,simple,AG-2179B,Anex AG-2179B Deluxe 346L Dry Iron - 1000W
27285,simple,AG-1022,Anex AG-1022 Deluxe Steam Iron - 2200W
27286,simple,AG-1027,Anex AG-1027 Deluxe Steam Iron - 2200W
27287,simple,AG-1028EX,Anex AG-1028EX Deluxe Steam Iron
27288,simple,AG-1030,Anex AG-1030 Deluxe Steam Iron - 2400W
27289,simple,AG-1018,Anex AG-1018 Deluxe Handy Garment Steamer - 2100W
27290,simple,AG-1019,Anex AG-1019 Deluxe Handy Garment Steamer - 1900W
27291,simple,AG-1020,Anex AG-1020 Deluxe 2.1L Garment Steamer - 2000W
27292,simple,AG-1120,Anex AG-1120 1.8L Garment Steamer - 2100W
27293,simple,AG-1121,Anex AG-1121 2.2L Garment Steamer - 2000W
27294,simple,AG-1122,Anex AG-1122 3L Garment Steamer - 2200W
27295,simple,AG-7003,Anex AG-7003 Deluxe Hair Dryer - 1600W
27296,simple,AG-7004,Anex AG-7004 Deluxe Hair Dryer
27297,simple,AG-7005,Anex AG-7005 Deluxe Hair Dryer - 1600W
27298,simple,AG-7006,Anex AG-7006 Deluxe Hair Dryer - 1300W
27299,simple,AG-7007,Anex AG-7007 Hair Dryer With Ionic - 2200W
27300,simple,AG-7008,Anex AG-7008 Deluxe Hair Dryer - 1600W
27301,simple,AG-7025,Anex AG-7025 Deluxe Hair Dryer - 2000W
27302,simple,AG-7026,Anex AG-7026 Deluxe Hair Dryer with Diffuser - 2000W
27303,simple,AG-7028,Anex AG-7028 Deluxe Hair Dryer With Ionic - 2200W
27304,simple,AG-7029,Anex AG-7029 Deluxe Hair Dryer With Ionic - 2600W
27305,simple,AG-7030,Anex AG-7030 Hair Dryer With Ionic - 2000W
27306,simple,AG-7031,Anex AG-7031 Deluxe Hair Straightener
27307,simple,AG-7034,Anex AG-7034 Hair Straightener
27308,simple,AG-7035,Anex AG-7035 Deluxe Hair Straightener Heat Controller
27309,simple,AG-7037,Anex AG-7037 Deluxe Hair Straightener
27310,simple,AG-7038,Anex AG-7038 Deluxe Hair Straightener & Curler
27311,simple,AG-7039,Anex AG-7039 Deluxe Hair Straightener
27312,simple,AG-7040,Anex AG-7040 Deluxe 2 in 1 Hair Straightener & Curler
27313,simple,AG-7041,Anex AG-7041 Deluxe Hair Straightener
27314,simple,AG-7042,Anex AG-7042 Deluxe Curl & Straight Styler
27315,simple,AG-7139,Anex AG-7139 Hair Straightener With Ionic Fund
27316,simple,AG-7018,Anex AG-7018 Facial Steamer
27317,simple,AG-7023,Anex AG-7023 Foot Massager + Heater - 345W
27318,simple,AG-7045,Anex AG-7045 Deluxe Epilator - 1600W
27319,simple,AG-7061,Anex AG-7061 Deluxe Trimmer
27320,simple,AG-7062,Anex AG-7062 Deluxe Trimmer
27321,simple,AG-7063,Anex AG-7063 Trimmer
27322,simple,AG-7064,Anex AG-7064 Trimmer
27323,simple,AG-7065,Anex AG-7065 Deluxe Trimmer
27324,simple,AG-7066,Anex AG-7066 Deluxe Trimmer
27325,simple,AG-7067,Anex AG-7067 4L Trimmer
27326,simple,AG-7068,Anex AG-7068 Deluxe Hair Trimmer and Nose Trimmer and Sha
27327,simple,AG-308,Anex AG-308 Deluxe Hair Curler
27328,simple,AG-8024,Anex AG-8024 Manual Bath Scale
27329,simple,AG-8025,Anex AG-8025 Manual Bath Scale
27330,simple,AG-8026,Anex AG-8026 Digital 400L Bath Scale
27331,simple,AG-8027,Anex AG-8027 Digital Bath Scale
27332,simple,AG-1064Ex,Anex AG-1064 Deluxe 100L Oven Toaster - 1380W
27333,simple,AG-1065Ex,Anex AG-1065 Deluxe Oven Toaster with Bar BQ Grill - 1380W
27334,simple,AG-1070,Anex AG-1070 Deluxe Oven Toaster with Bar BQ Grill - 1500W
27335,simple,AG-3067,Anex AG-3067 Deluxe Oven Toaster Bar BQ Grill - 1600W
27336,simple,AG-3069TT,Anex AG-3069TT Convection Oven with Bar BQ - 1600W
27337,simple,AG-2070,Anex AG-2070 Deluxe Convection Oven BBQ Grill Rot - 2000W
27338,simple,AG-3070,Anex AG-3070 Deluxe 100L Convection Oven BBQ Grill Rot - 2000W
27339,simple,AG-3071,Anex AG-3071 Deluxe Oven Toaster BBQ Grill
27340,simple,AG-3072,Anex AG-3072 Deluxe Convection Oven BBQ Grill Rot - 2000W
27341,simple,AG-3073,Anex AG-3073 Deluxe 100L Convection Oven BBQ With Gril - 2000W
27342,simple,AG-3075,Anex AG-3075 Deluxe Digital Oven With Fan & BBQ G - 1600W
27343,simple,AG-3079,Anex AG-3079 Deluxe 100L Oven Toaster BBQ With Grill - 2200W
27344,simple,AG-3080,Anex AG-3080 Deluxe Digital Oven With Fan & BBQ G - 2200W
27345,simple,AG-9028,Anex AG-9028 Deluxe Microwave Oven (Manual) - 700W
27346,simple,AG-9029,Anex AG-9029 Microwave Oven - 900W
27347,simple,AG-9031,Anex AG-9031 Deluxe Digital Microwave Oven - 900W
27348,simple,AG-9039,Anex AG-9039 Deluxe Digital Microwave With Oven - 900W
27349,simple,AG-1086,Anex AG-1086 Deluxe Insect Killer 2X8W
27350,simple,AG-1087,Anex AG-1087 Insect Killer 2X10W
27351,simple,AG-1088,Anex AG-1088 Insect Killer 2X15W
27352,simple,AG-1089,Anex AG-1089 Deluxe Insect Killer 2X20W
27353,simple,AG-3084,Anex AG-3084 Deluxe Insect Killer 2X8W
27354,simple,AG-3085,Anex AG-3085 Deluxe Insect Killer 2X10W
27355,simple,AG-3086,Anex AG-3086 Deluxe Insect Killer 2X15W
27356,simple,AG-3088,Anex AG-3088 Deluxe Insect Killer 2X20W
27357,simple,AG-3091,Anex AG-3091 Deluxe Insect Killer 2X8W
27358,simple,AG-3092,Anex AG-3092 Deluxe Insect Killer 2X10W
27359,simple,AG-3093,Anex AG-3093 Deluxe Insect Killer 2X15W
27360,simple,AG-3094,Anex AG-3094 Deluxe Insect Killer 2X20W
27361,simple,AG-3095,Anex AG-3095 Deluxe Insect Killer 2X8W
27362,simple,AG-3096,Anex AG-3096 Deluxe Insect Killer 2X10W
27363,simple,AG-3097,Anex AG-3097 Deluxe Insect Killer 2X15W
27364,simple,AG-3098,Anex AG-3098 Deluxe Insect Killer 2X20W
27365,simple,AG-4027,Anex AG-4027 Deluxe 1.7L Concealed Element Kettle - 2000W
27366,simple,AG-4032,Anex AG-4032 Deluxe 1L Concealed Element Kettle - 1200W
27367,simple,AG-4033,Anex AG-4033 Deluxe 1.7L Concealed Element Kettle - 2200W
27368,simple,AG-4042,Anex AG-4042 Deluxe 1.7L Plastic Body Kettle - 2200W
27369,simple,AG-4046,Anex AG-4046 Deluxe 1.7L Steel Body Kettle - 2200W
27370,simple,AG-4047,Anex AG-4047 Deluxe 1.7L Steel Body Kettle - 2200W
27371,simple,AG-4048,Anex AG-4048 Deluxe 1.7L Steel Body Kettle - 2150W
27372,simple,AG-4051,Anex AG-4051 Deluxe 1L Steel Body Kettle - 2200W
27373,simple,AG-4052,Anex AG-4052 Deluxe Travel Steel Body Kettle - 1350W
27374,simple,AG-4053,Anex AG-4053 Deluxe 1L Steel Body Kettle - 1350W
27375,simple,AG-4054,Anex AG-4054 Deluxe 1.6L Multi Purpose Kettle - 600W
27376,simple,AG-4055,Anex AG-4055 Deluxe 1.75L Plastic Body Kettle - 2150W
27377,simple,AG-4056,Anex AG-4056 Deluxe 1.7L Steel Body Kettle - 1500W
27378,simple,AG-4057,Anex AG-4057 Deluxe 1.7L Steel Body Concealed Element Kettle - 1700W
27379,simple,AG-4058,Anex AG-4058 Deluxe 1.7L Concealed Element Kettle - 1500W
27380,simple,AG-4060,Anex AG-4060 Deluxe 0.8L Plastic Body Kettle - 1000W
27381,simple,AG-4061,Anex AG-4061 Deluxe 1.2L Plastic Body Kettle - 1350W
27382,simple,AG-4062,Anex AG-4062 Deluxe 1.8L Steel Body Kettle - 1500W
27383,simple,AG-4064,Anex AG-4064 Deluxe 1.8L Steel Body Kettle - 1500W
27384,simple,AG-4065,Anex AG-4065 Deluxe 1.7L Plastic Body Concealed Element Kettle - 2200W
27385,simple,AG-4066,Anex AG-4066 Deluxe 1.5L Steel & Glass Body Kettle - 1350W
27386,simple,AG-4067,Anex AG-4067 Deluxe 1.7L Plastic Body Kettle - 2200W
27387,simple,AG-4070,Anex AG-4070 Deluxe 1.7L Steel Body Concealed Element Kettle - 2200W
27388,simple,AG-4071,Anex AG-4071 Deluxe 1.75L Steel Body Kettle - 2200W
27389,simple,AG-4072,Anex AG-4072 Deluxe 1.75L Steel Body Kettle - 2200W
27390,simple,AG-801,Anex AG-801 Deluxe Coffee Maker - 550W
27391,simple,AG-802,Anex AG-802 Deluxe Coffee Maker - 600W
27392,simple,AG-803,Anex AG-803 Deluxe 1L Coffee Maker - 800W
27393,simple,AG-811,Anex AG-811 Deluxe 1.25L Coffee Maker - 1080W
27394,simple,AG-825,Anex AG-825 Deluxe 1.6L Coffee Maker - 850W
27395,simple,AG-826,Anex AG-826 Deluxe Coffee Maker - 850W
27396,simple,AG-830,Anex AG-830 Deluxe 1.8L Coffee Maker - 850W
27397,simple,AG-819,Anex AG-819 Deluxe 5L Stand Mixer Stainless Steel Bowl - 1200W
27398,simple,AG-834,Anex AG-834 Deluxe 5L Stand Mixer Stainless Steel Bowl - 1200W
27399,simple,AG-820,Anex AG-820 Deluxe 7L Stand Mixer Stainless Steel Bowl - 1500W
27400,simple,AG-821,Anex AG-821 Deluxe Egg Beater - 300W
27401,simple,AG-822,Anex AG-822 Deluxe 3.5L Stand Egg Beater - 300W
27402,simple,AG-823,Anex AG-823 Digital Egg Beater - 300W
27403,simple,AG-732,Anex AG-732 Deluxe Baby Bottle Warmer - 150W
27404,simple,AG-733EX,Anex AG-733EX Deluxe Baby Bottle Warmer - 250W
27405,simple,AG-736,Anex AG-736 Deluxe Sterlizer - 500W
27406,simple,AG-737,Anex AG-737 Deluxe Sterlizer - 500W
27407,simple,AG-775,Anex AG-775 Deluxe Egg Boiler - 410W
27408,simple,AG-2166,Anex AG-2166 Deluxe Hot Plate With Timer - 2200W
27409,simple,AG-2167,Anex AG-2167 Deluxe Digital Hot plate Single - 2000W
27410,simple,AG-2168,Anex AG-2168 Deluxe Infrared Cooker - 2000W
27411,simple,AG-2174,Anex AG-2174 Deluxe Induction Cooker - 2000W
27412,simple,AG-3061,Anex AG-3061 Deluxe Hot plate Stainless Steel Single - 1500W
27413,simple,AG-3062,Anex AG-3062 Deluxe Hot plate Stainless Steel Double - 2500W
27414,simple,AG-3063,Anex AG-3063 Deluxe Pizza Pan / Cooking Pan - 1200W
29956,simple,ORIENT-CRYSTAL-3-TAPS-SMOKE-PURPLE,ORIENT Crystal 3 Taps (Smoke Purple) Crystal Glass Door Water Dispenser - 3 Taps
29957,simple,ORIENT-MARVEL-3-TAPS-RED-GLASS,Orient Marvel 3 Taps Marvel Red Glass Door Water Dispenser - 3 Taps
29958,simple,ORIENT-DMZ1-2054-MP-IS-0265,ORIENT DMZ1-2054-MP-IS-0265 Velvet Glass Door Water Dispenser - 3 Taps
29959,simple,PEL-PWD-115,PEL PWD-115 Classic Table-Top Water Dispenser - 2 Taps
29960,simple,PEL-PWD-316-PREMIER,PEL PWD-316 Premier Premier Series Water Dispenser - 3 Taps
29961,simple,PEL-PWD-3TAB-425,PEL PWD-3TAB 425 Straight Glass Door Water Dispenser - 3 Taps
29962,simple,PEL-PWD-425-FLAT,PEL PWD-425 FLAT Flat Glass Door Water Dispenser - 2 Taps
29963,simple,HOMAGE-HWD-49320,Homage HWD-49320 Table Top Series Water Dispenser - 2 Taps
29964,simple,HOMAGE-HWD-49331P,Homage HWD-49331P Non-Fridge Floor Series Water Dispenser - 3 Taps
29965,simple,HOMAGE-HWD-49332P,Homage HWD-49332P Fridge Cabinet Water Dispenser - 3 Taps
29966,simple,HAIER-HDR-TC2C1GB-PK,HAIER HDR-TC2C1GB-PK Black Glass Mirror Series Water Dispenser - 2 Taps
29967,simple,DAWLANCE-WD-1051-CN-GREY,DAWLANCE WD-1051 CN GREY (Cool & Normal) Water Dispenser - 2 Taps
29968,simple,DAWLANCE-WD-1051-HC-WHITE,DAWLANCE WD-1051 HC WHITE HC Series (Hot & Cool) Water Dispenser - 2 Taps
29969,simple,DAWLANCE-WD-1060-WHITE-W,DAWLANCE WD-1060 WHITE W Non-Fridge Series Water Dispenser - 2 Taps
30307,simple,HRF-186EBD,Haier HRF-186 EBD 6 Cu Ft Metallic Grey E-Star Non-Inverter Refrigerator
30308,simple,HRF-216EBD,Haier HRF-216 EBD 8 Cu Ft Metallic Grey E-Star Non-Inverter Refrigerator
30335,simple,HR-136B,HAIER HR-136 B 4 Cu Ft Black Single Door Non-Inverter Refrigerator
30336,simple,HRF-216EPB,HAIER HRF-216 EPB 8 Cu Ft Black Glass E-Star Non-Inverter Refrigerator
30337,simple,HRF-246EBS,HAIER HRF-246 EBS 9 Cu Ft Silver E-Star Non-Inverter Refrigerator
30338,simple,HRF-276EPR,HAIER HRF-276 EPR 10 Cu Ft Red Glass E-Star Non-Inverter Refrigerator
30339,simple,HRF-316EPB,HAIER HRF-316 EPB 11 Cu Ft Black Glass E-Star Non-Inverter Refrigerator
30340,simple,HRF-316EPR,HAIER HRF-316 EPR 11 Cu Ft Red Glass E-Star Non-Inverter Refrigerator
30341,simple,HRF-346EPB,HAIER HRF-346 EPB 12 Cu Ft Black Glass E-Star Non-Inverter Refrigerator
30342,simple,HRF-368EPB,HAIER HRF-368 EPB 13 Cu Ft Black Wave Glass E-Star Non-Inverter Refrigerator
30343,simple,HRF-368EPR,HAIER HRF-368 EPR 13 Cu Ft Red Wave Glass E-Star Non-Inverter Refrigerator
30344,simple,HRF-398EPB,HAIER HRF-398 EPB 14 Cu Ft Black Wave Glass E-Star Non-Inverter Refrigerator
30345,simple,HRF-398EPR,HAIER HRF-398 EPR 14 Cu Ft Red Wave Glass E-Star Non-Inverter Refrigerator
30346,simple,HRF-438EPB,HAIER HRF-438 EPB 15 Cu Ft Black Wave Glass E-Star Non-Inverter Refrigerator
30347,simple,HRF-438EPR,HAIER HRF-438 EPR 15 Cu Ft Red Wave Glass E-Star Non-Inverter Refrigerator
30450,simple,HRF-368-IFGA,Haier HRF-368 IFGA 14 Cu Ft Green Glass Door Digital Inverter Refrigerator
30456,simple,HRF-316 IFGA,Haier HRF-316 IFGA 11 Cu Ft Green Digital Inverter Refrigerator
30457,simple,HRF-316 IFPA,Haier HRF-316 IFPA 11 Cu Ft Purple Digital Inverter Refrigerator
30458,simple,HRF-316 IFRA,Haier HRF-316 IFRA 11 Cu Ft Red Digital Inverter Refrigerator
30459,simple,HRF-346 IFGA,Haier HRF-346 IFGA 12 Cu Ft Green Digital Inverter Refrigerator
30460,simple,HRF-346 IFPA,Haier HRF-346 IFPA 12 Cu Ft Purple Digital Inverter Refrigerator
30461,simple,HRF-346-IFRA,Haier HRF-346 IFRA 12 Cu Ft Red Digital Inverter Refrigerator
30462,simple,HRF-368-IFPA,Haier HRF-368 IFPA 14 Cu Ft Purple Digital Inverter Refrigerator
30463,simple,HRF-398-IFGA,Haier HRF-398 IFGA 15 Cu Ft Green Digital Inverter Refrigerator
30464,simple,HRF-398-IFPA,Haier HRF-398 IFPA 15 Cu Ft Purple Digital Inverter Refrigerator
30465,simple,HRF-398-IFRA,Haier HRF-398 IFRA 15 Cu Ft Red Digital Inverter Refrigerator
30466,simple,HRF-438-IFRA,Haier HRF-438 IFRA 16 Cu Ft Red Digital Inverter Refrigerator
30467,simple,HRF-418-IFGA,Haier HRF-418 IFGA 14 Cu Ft Green Digital Inverter Refrigerator
30468,simple,HRF-418-IFPA,Haier HRF-418 IFPA 14 Cu Ft Purple Digital Inverter Refrigerator
30469,simple,HRF-418-IFRA,Haier HRF-418 IFRA 14 Cu Ft Red Digital Inverter Refrigerator
30470,simple,HRF-458-IFGA,Haier HRF-458 IFGA 16 Cu Ft Green Digital Inverter Refrigerator
30471,simple,HRF-458-IFPA,Haier HRF-458 IFPA 16 Cu Ft Purple Digital Inverter Refrigerator
30472,simple,HRF-458-IFRA,Haier HRF-458 IFRA 16 Cu Ft Red Digital Inverter Refrigerator
30473,simple,HRF-538-IFPA,HAIER HRF-538 IFPA 20 Cu Ft Purple Digital Inverter Refrigerator
30579,simple,HRF-438-IBSA,Haier HRF-438 IBSA 18 Cu Ft Silver Digital Inverter Refrigerator
30580,simple,HRF-418-TIFGU1,Haier HRF-418 TIFGU1 15 Cu Ft Grey Twin Inverter IOT Refrigerator
30581,simple,HRF-458-TIFBU1,Haier HRF-458 TIFBU1 16 Cu Ft Black Twin Inverter IOT Refrigerator
30582,simple,HRF-458-TIFGU1,Haier HRF-458 TIFGU1 16 Cu Ft Silver Grey Twin Inverter IOT Refrigerator
30583,simple,HRF-538-TIFGU1,Haier HRF-538 TIFGU1 20 Cu Ft Silver Grey Twin Inverter IOT Refrigerator
30584,simple,HRF-538-TIFBU1,Haier HRF-538 TIFBU1 20 Cu Ft Black Twin Inverter IOT Refrigerator
30645,simple,HRF-316-IARA,Haier HRF-316 IARA 11 Cu Ft Red Digital Inverter Refrigerator
30646,simple,HRF-346-IARA,Haier HRF-346 IARA 12 Cu Ft Red Digital Inverter Refrigerator
30647,simple,HRF-438-IARA+,Haier HRF-438 IARA+ 15 Cu Ft Red Digital Inverter Refrigerator
30670,simple,HRF-368-IARA+,Haier HRF-368 IARA+ 13 Cu Ft Red Digital Inverter Refrigerator
30671,simple,HRF-368-IAPA+,Haier HRF-368 IAPA+ 13 Cu Ft Purple Digital Inverter Refrigerator
30672,simple,HRF-398-IARA+,Haier HRF-398 IARA+ 14 Cu Ft Red Digital Inverter Refrigerator
30673,simple,HRF-398-IAPA+,Haier HRF-398 IAPA+ 14 Cu Ft Purple Digital Inverter Refrigerator
30674,simple,HRF-418-IARA+,Haier HRF-418 IARA+ 15 Cu Ft Red Digital Inverter Refrigerator
30675,simple,HRF-418-IAPA+,Haier HRF-418 IAPA+ 15 Cu Ft Purple Digital Inverter Refrigerator
30719,simple,HRF-458-IARA+,Haier HRF-458 IARA+ 16 Cu Ft Red Digital Inverter Refrigerator
30720,simple,HRF-458-IAPA+,Haier HRF-458 IAPA+ 16 Cu Ft Purple Digital Inverter Refrigerator
30721,simple,HRF-538-IARA+,Haier HRF-538 IARA+ 20 Cu Ft Red Digital Inverter Refrigerator
30722,simple,HRF-538-IAPA+,Haier HRF-538 IAPA+ 20 Cu Ft Purple Digital Inverter Refrigerator
30754,simple,HRF-538-EPR,Haier HRF-538 EPR 20 Cu Ft Red E-Star Non-Inverter Refrigerator
30755,simple,HRF-538-EPG,Haier HRF-538 EPG 20 Cu Ft Green E-Star Non-Inverter Refrigerator
30857,simple,HRF-246-IPRA,Haier HRF-246 IPRA 9 Cu Ft Red Smart Inverter Refrigerator
30858,simple,HRF-246-IPPA,Haier HRF-246 IPPA 9 Cu Ft Purple Smart Inverter Refrigerator
30859,simple,HRF-276-IPRA,Haier HRF-276 IPRA 10 Cu Ft Red Smart Inverter Refrigerator
30860,simple,HRF-276-IPPA,Haier HRF-276 IPPA 10 Cu Ft Purple Smart Inverter Refrigerator
30861,simple,HRF-316-IPPA,Haier HRF-316 IPPA 11 Cu Ft Purple Smart Inverter Refrigerator
30862,simple,HRF-346-IPGA,Haier HRF-346 IPGA 12 Cu Ft Green Smart Inverter Refrigerator
30863,simple,HRF-346-IPRA,Haier HRF-346 IPRA 12 Cu Ft Red Smart Inverter Refrigerator
30864,simple,HRF-346-IPPA,Haier HRF-346 IPPA 12 Cu Ft Purple Smart Inverter Refrigerator
30865,simple,HRF-418-IPGA,Haier HRF-418 IPGA 15 Cu Ft Green Smart Inverter Refrigerator
30866,simple,HRF-418-IPPA,Haier HRF-418 IPPA 15 Cu Ft Purple Smart Inverter Refrigerator
30867,simple,HRF-458-IPRA,Haier HRF-458 IPRA 16 Cu Ft Red Smart Inverter Refrigerator
30868,simple,HRF-458-IPPA,Haier HRF-458 IPPA 16 Cu Ft Purple Smart Inverter Refrigerator
30869,simple,HRF-538-IPGA,Haier HRF-538 IPGA 20 Cu Ft Green Smart Inverter Refrigerator
30870,simple,HRF-538-IPRA,Haier HRF-538 IPRA 20 Cu Ft Red Smart Inverter Refrigerator
30871,simple,HRF-538-IPPA,Haier HRF-538 IPPA 20 Cu Ft Purple Smart Inverter Refrigerator
30890,simple,HRF-578-TGGU1-IOT,Haier HRF-578 TGGU1 IOT 20 Cu Ft Champagne Gold T-Door Smart IoT Twin Inverter Refrigerator
30928,simple,HRF-622-IBS,Haier HRF-622 IBS 22 Cu Ft Black Inox Side by Side Twin Inverter Refrigerator
30929,simple,HRF-622-ICG,Haier HRF-622 ICG 22 Cu Ft Chocolate Glass Side by Side Twin Inverter Refrigerator
30930,simple,HRF-622-IBG,Haier HRF-622 IBG 22 Cu Ft Black Mirror Side by Side Twin Inverter Refrigerator
30931,simple,HRF-678-TGG,Haier HRF-678 TGG 24 Cu Ft Golden Glass T-Door Twin Inverter Refrigerator
30932,simple,HRF-578-TSG,Haier HRF-578 TSG 20 Cu Ft Silver Inox T-Door Twin Inverter Refrigerator
30933,simple,HRF-578-TBG,Haier HRF-578 TBG 20 Cu Ft Black Glass T-Door Twin Inverter Refrigerator
30934,simple,HRF-488-IFFB,Haier HRF-488 IFFB 17 Cu Ft Black Mirror No Frost Twin Inverter Refrigerator
30935,simple,HRF-518-IFFB,Haier HRF-518 IFFB 18 Cu Ft Black Mirror No Frost Twin Inverter Refrigerator
30936,simple,HRF-518-WIFFBGU1,Haier HRF-518 WIFFBGU1 18 Cu Ft Black Mirror No Frost Smart IoT Twin Inverter Refrigerator
31008,simple,AG-6143,Anex AG-6143 Deluxe Blender Grinder - 550W
31009,simple,AG-6144,Anex AG-6144 Deluxe Blender Grinder - 550W
31010,simple,AG-193,Anex AG-193 Deluxe Juicer Blender - 500W
31011,simple,AG-2186,Anex AG-2186 Deluxe Pressure Cooker - 1000W
31012,simple,AG-2111,Anex AG-2111 Deluxe Air Fryer - 1600W
31013,simple,AG-2112,Anex AG-2112 Deluxe Air Fryer - 2500W
31014,simple,AG-7043,Anex AG-7043 Deluxe Ceramic Hair Straightener - 230°C
31015,simple,AG-7046,Anex AG-7046 Deluxe 2-in-1 Epilator - USB Rechargeable
31016,simple,AG-2160,Anex AG-2160 Single Deluxe Hotplate - 1500W
31017,simple,AG-2163,Anex AG-2163 Double Deluxe Hotplate - 2500W
31018,simple,AG-5053,Anex AG-5053 16 Inch Deluxe Stand Fan
31019,simple,AG-5054,Anex AG-5054 16 Inch Deluxe Remote Stand Fan
31020,simple,AG-5058,Anex AG-5058 Deluxe Stand Fan - 18 Inch
31022,simple,HRF-276EBD,Haier HRF-276EBD 10 Cu Ft Golden E-Star 1HIT Non-Inverter Refrigerator
31032,simple,DWT-9060-EZ-PLATINUM,Dawlance DWT 9060 EZ Platinum 9 Kg Dark Grey Extreme+ Dryer Non-Inverter Washing Machine
31033,simple,DWT-1016-INV-PRIMA,Dawlance DWT 1016 INV PRIMA 10 Kg Dark Grey Prima Series DDM Inverter Washing Machine
31056,simple,DW-7500-C,Dawlance DW 7500 C 10 Kg White Twin Tub Clear Lid Non-Inverter Washing Machine
31067,simple,DW-6550-W,Dawlance DW 6550 W 8 Kg White Twin Tub White Lid Non-Inverter Washing Machine
31099,simple,VF-1035-GD,Dawlance VF-1035 GD 12 Cu Ft Burgundy Honey-Comb Glass Door Non-Inverter Vertical Deep Freezer
31167,simple,,Haier Home Deal Four in One
31171,simple,,Dawlance Home Deal Four in One
31276,simple,DWMO-5222-CR,Dawlance DWMO 5222 CR 55 Liters Convection Oven Toaster
31277,simple,DW-142-HZP,Dawlance DW-142 HZP 42 Liters Silver Grilling Microwave Oven
31278,simple,DW-550-AF-BLACK,Dawlance DW-550 AF 30 Liters Black Air Fryer Microwave Oven
31279,simple,DW-MD-4-N-BLACK,Dawlance DW-MD-4-N 20 Liters Black Solo Heating Microwave Oven
31280,simple,DW-MD4-WHITE,Dawlance DW-MD4 20 Liters White Solo Heating Microwave Oven
31281,simple,DBMO-25-IG,Dawlance DBMO-25 IG 25 Liters Built-in Grilling Microwave Oven
31282,simple,DW-390-S,Dawlance DW-390 S 23 Liters Jet Black Solo Heating Microwave Oven
31283,simple,DW-395-HCG,Dawlance DW-395 HCG 25 Liters Grilling Microwave Oven
31344,simple,HMW-20DSS,Haier HMW-20DSS 20 Liters Silver Digital Solo Microwave Oven
31345,simple,HMW-20MHES,Haier HMW-20MHES 20 Liters Piano Black Manual High-End Solo Microwave Oven
31346,simple,HMW-20MPS,Haier HMW-20MPS 20 Liters Metallic Silver Solo Microwave Oven
31347,simple,HMW-20MX11,Haier HMW-20MX11 20 Liters Classic White Solo Microwave Oven
31348,simple,HMW-20MXP9,Haier HMW-20MXP9 20 Liters Black Solo Microwave Oven
31349,simple,HMW-28100DG,Haier HMW-28100DG 28 Liters Digital Grill Microwave Oven
31350,simple,HMW-20MX12,Haier HMW-20MX12 20 Liters All-Black Solo Microwave Oven
31351,simple,HMW-26MBH,Haier HMW-26MBH 25 Liters Full Black Solo Microwave Oven
31352,simple,HMW-25MXP9,Haier HMW-25MXP9 25 Liters Black Solo Microwave Oven
31355,simple,HMW-20SKB,Haier HMW-20SKB 20 Liters Black Solo Microwave Oven
31357,simple,HMW-32300-BLACK,Haier HMW-32300 32 Liters Black Grill Microwave Oven
31375,simple,DW-133-G,Dawlance DW-133-G 30 Liters Black and Red Grilling Microwave Oven
31376,simple,HMW-30AFS,Haier HMW-30AFS 30 Liters Metallic Silver 5-in-1 Convection Air Fryer Microwave Oven
31399,simple,DDW-14952-S-INV,Dawlance DDW 14952 S INV 14 Place Settings Silver Inverter Dishwasher
31400,simple,DDW-1470-GB-INV,Dawlance DDW 1470 GB INV 14 Place Settings Glass Black Inverter Dishwasher